Date,SMA_5,EMA_5,MACD,MACD_SIGNAL,MACD_HIST,RSI,BB_UPPER,BB_LOWER,BB_MIDDLE,OBV,ADX,DMP,DMN
2019-12-31,,,,,,,,,,50130000.0,,,
2020-01-02,,,,,,,,,,130710000.0,,,
2020-01-03,,,,,,,,,,55422000.0,,,
2020-01-06,,,,,,,,,,136658000.0,,,
2020-01-07,94.31,94.31,,,,,,,,217556000.0,,,
2020-01-08,94.75,94.4,,,,60.92,,,,147396000.0,,,
2020-01-09,94.78,94.62,,,,66.49,,,,210742000.0,,,
2020-01-10,94.86,94.47,,,,49.21,,,,153668000.0,,,
2020-01-13,94.74,94.5,,,,55.75,,,,209284000.0,,,
2020-01-14,94.37,94.16,,,,38.93,,,,140466000.0,,,
2020-01-15,94.07,93.8,,,,34.51,,,,82534000.0,,,
2020-01-16,93.84,93.84,,,,49.79,,,,135724000.0,,,
2020-01-17,93.65,93.64,,,,40.08,,,,55778000.0,,,
2020-01-21,93.66,93.96,,,,60.13,,,,129934000.0,,,
2020-01-22,93.84,94.1,,,,56.22,,,,65608000.0,,21.48,14.98
2020-01-23,94.07,94.14,,,,53.46,,,,15916000.0,,20.01,18.17
2020-01-24,93.9,93.79,,,,35.91,,,,-59408000.0,,16.62,24.11
2020-01-27,93.54,93.0,,,,22.51,,,,-129978000.0,,14.12,30.92
2020-01-28,93.15,92.89,,,,42.56,,,,-73818000.0,,18.21,28.0
2020-01-29,92.86,92.89,,,,45.89,95.88,91.81,93.84,-32058000.0,,22.27,26.08
2020-01-30,92.72,93.1,,,,54.68,95.83,91.97,93.9,94490000.0,,20.69,25.64
2020-01-31,94.19,95.55,,,,85.88,97.61,90.75,94.18,405836000.0,,51.03,15.68
2020-02-03,95.95,97.1,,,,83.53,98.81,90.19,94.5,288002000.0,,46.01,14.55
2020-02-04,97.91,98.9,,,,87.75,100.41,89.33,94.87,393788000.0,,43.22,12.97
2020-02-05,99.73,99.93,,,,82.08,101.55,88.85,95.2,306264000.0,,42.12,11.98
2020-02-06,101.53,100.79,2.8,,,83.49,102.69,88.5,95.6,369924000.0,,39.51,12.66
2020-02-07,102.23,101.85,3.06,,,87.06,104.01,88.07,96.04,471830000.0,,42.96,11.22
2020-02-10,103.53,103.46,3.45,,,91.42,105.83,87.51,96.67,572954000.0,41.28,45.29,10.07
2020-02-11,104.54,104.82,3.78,,,92.41,107.56,87.07,97.32,687874000.0,44.24,50.05,9.14
2020-02-12,105.74,105.88,4.03,,,92.96,109.12,86.96,98.04,754560000.0,46.8,47.38,8.66
2020-02-13,106.74,106.42,4.14,,,84.5,110.32,87.2,98.76,693924000.0,48.28,44.91,10.66
2020-02-14,107.29,106.53,4.12,,,72.32,111.24,87.57,99.41,641800000.0,48.72,42.13,13.0
2020-02-18,107.51,106.95,4.14,,,77.85,112.15,88.12,100.13,700712000.0,49.22,40.16,11.99
2020-02-19,107.71,107.47,4.17,3.74,0.43,81.15,113.09,88.57,100.83,751936000.0,49.95,41.51,11.33
2020-02-20,107.64,107.53,4.08,3.81,0.27,66.58,113.72,89.26,101.49,689310000.0,48.97,37.74,16.51
2020-02-21,107.1,106.62,3.73,3.79,-0.07,38.07,113.86,90.19,102.02,596384000.0,46.54,33.41,21.56
2020-02-24,105.84,104.57,3.07,3.65,-0.58,21.01,113.53,91.25,102.39,465444000.0,43.31,27.74,33.63
2020-02-25,104.01,102.59,2.37,3.39,-1.02,16.99,112.86,92.64,102.75,341062000.0,41.0,24.57,34.22
2020-02-26,102.11,101.39,1.82,3.08,-1.26,20.55,112.25,93.88,103.07,445554000.0,38.92,22.59,31.46
2020-02-27,99.42,99.0,0.99,2.66,-1.67,11.78,112.04,94.23,103.13,282674000.0,38.34,19.56,38.0
2020-02-28,97.3,97.39,0.33,2.19,-1.87,11.74,111.93,94.4,103.17,93054000.0,38.7,17.51,43.58
2020-03-02,96.74,97.49,0.08,1.77,-1.69,40.76,112.04,94.01,103.03,228288000.0,37.48,23.91,38.86
2020-03-03,96.11,96.81,-0.29,1.36,-1.65,32.27,112.33,93.25,102.79,77598000.0,35.54,25.83,33.8
2020-03-04,96.07,97.47,-0.31,1.03,-1.33,51.18,112.3,92.91,102.61,173056000.0,33.76,23.71,31.03
2020-03-05,96.47,97.05,-0.53,0.72,-1.24,40.28,112.41,92.23,102.32,78092000.0,32.33,21.87,30.04
2020-03-06,96.64,96.38,-0.78,0.42,-1.2,36.04,112.52,91.37,101.94,-27380000.0,31.62,20.45,32.91
2020-03-09,95.11,94.27,-1.38,0.06,-1.44,22.85,112.97,89.52,101.25,-183644000.0,32.21,17.35,39.66
2020-03-10,94.93,94.37,-1.46,-0.25,-1.22,45.49,112.42,88.86,100.64,-40978000.0,32.09,18.95,35.74
2020-03-11,93.38,93.26,-1.8,-0.56,-1.24,35.39,111.86,87.77,99.82,-153474000.0,32.16,17.19,34.14
2020-03-12,90.91,90.12,-2.61,-0.97,-1.64,22.63,111.91,85.31,98.61,-380398000.0,33.33,14.8,41.46
2020-03-13,89.75,89.83,-2.79,-1.33,-1.46,42.2,110.94,84.46,97.7,-204204000.0,33.98,15.27,37.26
2020-03-16,88.63,88.04,-3.28,-1.72,-1.56,32.98,110.33,82.83,96.58,-382550000.0,34.99,13.19,36.86
2020-03-17,87.79,88.82,-3.15,-2.01,-1.14,49.92,108.69,82.73,95.71,-164208000.0,34.21,19.27,31.89
2020-03-18,87.89,89.72,-2.93,-2.19,-0.74,52.71,106.54,83.18,94.86,28696000.0,33.49,17.79,29.44
2020-03-19,89.93,91.16,-2.52,-2.26,-0.26,59.24,104.28,84.08,94.18,236694000.0,31.35,24.25,26.8
2020-03-20,90.54,91.54,-2.3,-2.27,-0.04,52.98,102.42,84.69,93.56,40336000.0,29.23,22.67,24.04
2020-03-23,92.68,92.74,-1.88,-2.19,0.31,61.3,101.61,84.97,93.29,196506000.0,27.38,20.85,22.77
2020-03-24,94.0,94.16,-1.39,-2.03,0.64,66.21,101.35,85.07,93.21,339448000.0,25.5,22.71,21.81
2020-03-25,94.56,94.21,-1.2,-1.86,0.67,53.79,100.7,85.25,92.97,209866000.0,23.66,21.56,21.85
2020-03-26,95.3,95.4,-0.76,-1.64,0.89,64.48,101.14,85.16,93.15,334292000.0,21.95,20.84,20.62
2020-03-27,95.84,95.27,-0.62,-1.44,0.81,52.43,101.21,85.18,93.19,226534000.0,20.37,19.89,19.67
2020-03-30,96.45,96.24,-0.26,-1.2,0.94,62.52,101.29,85.14,93.22,349056000.0,19.43,21.49,18.47
2020-03-31,96.55,96.66,-0.02,-0.97,0.94,59.03,101.56,85.08,93.32,246584000.0,18.84,22.25,17.7
2020-04-01,96.77,96.23,-0.01,-0.77,0.77,48.95,101.06,85.24,93.15,164146000.0,17.49,21.14,21.29
2020-04-02,96.4,96.14,0.05,-0.61,0.66,51.68,101.03,85.25,93.14,250866000.0,16.28,20.41,20.83
2020-04-03,96.47,95.87,0.04,-0.48,0.52,48.14,101.06,85.24,93.15,178668000.0,15.18,19.69,20.18
2020-04-06,96.8,97.2,0.4,-0.3,0.7,68.32,101.93,85.36,93.64,294132000.0,15.14,24.74,18.45
2020-04-07,97.42,98.33,0.73,-0.1,0.83,70.53,102.76,85.13,93.94,396412000.0,15.59,27.43,17.77
2020-04-08,98.78,99.6,1.11,0.14,0.96,75.34,103.89,85.1,94.5,475958000.0,16.12,27.36,17.18
2020-04-09,100.02,100.45,1.39,0.39,1.0,75.22,104.01,86.82,95.41,383028000.0,16.73,27.29,16.55
2020-04-13,102.64,103.11,2.1,0.73,1.36,87.75,106.2,86.55,96.37,517362000.0,18.64,35.85,14.26
2020-04-14,105.5,106.8,3.09,1.2,1.88,92.22,108.93,86.78,97.86,679106000.0,21.19,42.14,12.64
2020-04-15,108.46,109.66,3.92,1.75,2.17,92.91,112.02,86.2,99.11,816438000.0,23.79,42.52,11.61
2020-04-16,112.11,113.24,4.93,2.38,2.55,95.13,115.96,85.14,100.55,1057202000.0,26.78,47.87,10.09
2020-04-17,115.43,115.08,5.54,3.01,2.52,84.24,118.79,84.78,101.79,898602000.0,29.2,44.12,10.91
2020-04-20,117.68,116.61,6.02,3.62,2.4,85.41,121.26,85.05,103.16,1014016000.0,31.65,45.33,10.25
2020-04-21,118.13,116.54,6.07,4.11,1.96,64.38,122.81,85.63,104.22,864482000.0,32.14,39.84,17.68
2020-04-22,118.68,117.09,6.18,4.52,1.66,69.45,124.5,86.06,105.28,948726000.0,32.6,37.66,16.72
2020-04-23,118.6,118.05,6.34,4.88,1.45,74.14,126.11,87.02,106.56,1050058000.0,33.24,38.28,15.86
2020-04-24,118.95,118.87,6.43,5.19,1.24,75.54,127.71,87.69,107.7,1126556000.0,33.83,36.99,15.33
2020-04-27,118.77,118.85,6.3,5.42,0.88,62.14,128.56,89.22,108.89,1013644000.0,34.55,36.47,14.22
2020-04-28,118.63,117.8,5.88,5.51,0.37,44.35,129.01,90.52,109.76,908256000.0,34.23,34.2,18.41
2020-04-29,118.72,118.08,5.71,5.55,0.16,58.43,129.57,92.07,110.82,1000088000.0,34.09,33.35,17.07
2020-04-30,119.47,119.95,5.92,5.62,0.3,73.13,130.37,94.1,112.24,1190780000.0,34.62,37.62,15.55
2020-05-01,118.23,118.07,5.27,5.55,-0.29,40.18,129.69,96.62,113.16,995328000.0,33.13,31.28,23.68
2020-05-04,117.63,117.31,4.81,5.4,-0.59,45.11,128.57,99.79,114.18,1092646000.0,31.72,29.53,22.5
2020-05-05,117.67,116.84,4.41,5.2,-0.79,45.45,127.79,102.17,114.98,1157496000.0,30.65,30.44,21.69
2020-05-06,117.45,117.08,4.18,5.0,-0.82,52.27,126.83,104.83,115.83,1219852000.0,29.72,29.96,20.95
2020-05-07,116.39,117.51,4.02,4.8,-0.79,55.65,125.71,107.57,116.64,1287780000.0,29.05,30.74,20.33
2020-05-08,117.32,118.0,3.89,4.62,-0.73,58.36,123.69,111.28,117.48,1351912000.0,28.54,30.92,19.76
2020-05-11,118.25,118.82,3.86,4.47,-0.61,64.92,122.83,113.34,118.08,1417096000.0,28.42,32.63,18.85
2020-05-12,118.64,118.49,3.59,4.29,-0.7,48.13,122.66,113.87,118.27,1355598000.0,27.99,30.6,19.34
2020-05-13,118.81,118.46,3.38,4.11,-0.73,51.44,122.61,114.23,118.42,1451256000.0,27.3,28.51,19.7
2020-05-14,119.02,118.79,3.26,3.94,-0.68,57.85,122.49,114.25,118.37,1524218000.0,26.65,27.41,18.94
2020-05-15,119.32,119.36,3.21,3.8,-0.58,63.82,122.67,114.24,118.46,1608918000.0,26.31,27.89,17.88
2020-05-18,119.5,120.01,3.2,3.68,-0.47,68.25,122.91,114.17,118.54,1696062000.0,26.27,28.76,16.96
2020-05-19,120.42,120.83,3.25,3.59,-0.34,73.85,123.41,114.27,118.84,1782472000.0,26.84,32.48,15.9
2020-05-20,121.72,122.18,3.45,3.56,-0.11,82.14,124.44,113.91,119.18,1862434000.0,27.54,32.33,15.04
2020-05-21,122.3,122.23,3.36,3.52,-0.16,57.95,124.73,113.86,119.3,1760146000.0,28.45,32.18,13.71
2020-05-22,122.57,122.1,3.21,3.46,-0.25,54.11,124.88,113.84,119.36,1702804000.0,28.99,30.79,14.47
2020-05-26,122.53,121.77,3.0,3.37,-0.37,48.05,125.04,113.91,119.48,1631440000.0,29.1,29.14,15.49
2020-05-27,122.14,121.35,2.75,3.24,-0.49,43.41,125.02,114.41,119.72,1530302000.0,27.49,26.25,23.03
2020-05-28,121.17,120.92,2.49,3.09,-0.6,39.54,125.07,114.51,119.79,1466498000.0,26.34,27.12,21.56
2020-05-29,121.13,121.32,2.42,2.96,-0.54,59.55,124.8,114.62,119.71,1536696000.0,25.35,26.39,20.5
2020-06-01,121.47,122.06,2.45,2.86,-0.4,68.58,124.88,115.47,120.17,1595274000.0,24.95,29.32,19.68
2020-06-02,121.97,122.58,2.46,2.78,-0.32,68.99,125.04,116.08,120.56,1645872000.0,24.57,28.33,19.01
2020-06-03,122.65,123.03,2.45,2.71,-0.26,71.07,125.13,116.8,120.96,1699292000.0,24.44,29.18,18.38
2020-06-04,123.25,123.03,2.35,2.64,-0.29,56.89,125.18,117.29,121.24,1640318000.0,24.6,29.53,17.06
2020-06-05,123.65,123.4,2.34,2.58,-0.24,67.19,125.44,117.61,121.53,1706446000.0,24.43,27.62,17.57
2020-06-08,124.18,124.34,2.46,2.56,-0.09,78.79,126.11,117.66,121.89,1785860000.0,24.89,31.23,16.52
2020-06-09,125.47,126.24,2.84,2.61,0.23,88.39,127.83,116.91,122.37,1889380000.0,26.38,38.97,14.49
2020-06-10,127.16,128.28,3.29,2.75,0.54,91.36,129.7,116.49,123.09,1988300000.0,28.5,44.4,12.52
2020-06-11,128.13,128.15,3.24,2.85,0.4,56.62,130.12,117.01,123.57,1872298000.0,28.68,38.19,20.09
2020-06-12,128.75,127.85,3.12,2.9,0.22,52.98,130.41,117.5,123.96,1763576000.0,28.3,33.74,20.99
2020-06-15,129.24,128.11,3.1,2.94,0.16,59.87,130.92,117.81,124.37,1840878000.0,27.94,31.22,19.43
2020-06-16,129.38,129.0,3.22,3.0,0.22,68.71,131.79,117.88,124.84,1912590000.0,27.99,33.36,18.5
2020-06-17,129.32,130.01,3.38,3.07,0.3,73.16,132.85,117.78,125.32,1971776000.0,28.39,35.62,17.74
2020-06-18,130.28,130.91,3.51,3.16,0.35,75.38,133.89,117.52,125.71,2021532000.0,28.8,35.21,17.28
2020-06-19,131.58,131.86,3.66,3.26,0.4,78.9,135.02,117.54,126.28,2137072000.0,29.55,37.73,16.44
2020-06-22,132.99,133.13,3.9,3.39,0.51,84.14,136.36,117.58,126.97,2201248000.0,30.41,37.75,15.58
2020-06-23,134.48,134.83,4.24,3.56,0.68,88.71,138.01,117.64,127.83,2285882000.0,31.77,42.5,14.36
2020-06-24,135.42,135.46,4.33,3.71,0.62,73.1,138.94,118.33,128.64,2195350000.0,33.14,40.38,13.15
2020-06-25,136.42,136.22,4.44,3.86,0.58,76.56,139.76,119.28,129.52,2254724000.0,34.19,38.35,13.5
2020-06-26,136.6,135.69,4.23,3.93,0.3,51.3,140.03,120.27,130.15,2124708000.0,35.39,37.25,12.1
2020-06-29,136.27,135.13,3.96,3.94,0.02,47.35,140.2,121.14,130.67,2040240000.0,35.19,34.52,17.58
2020-06-30,136.21,136.07,4.02,3.96,0.07,67.19,140.84,121.93,131.39,2115634000.0,35.68,38.8,15.81
2020-07-01,137.65,138.69,4.5,4.07,0.44,80.93,142.67,122.1,132.39,2242902000.0,37.0,45.78,13.61
2020-07-02,139.01,140.63,4.87,4.23,0.65,81.84,144.09,122.83,133.46,2374770000.0,38.55,47.91,12.49
2020-07-06,142.65,144.71,5.77,4.54,1.24,90.27,147.65,122.14,134.9,2512382000.0,40.44,49.97,10.6
2020-07-07,145.85,146.47,6.19,4.87,1.32,75.35,149.78,122.39,136.09,2407232000.0,42.23,47.29,9.85
2020-07-08,149.07,149.0,6.76,5.25,1.52,80.95,152.75,121.83,137.29,2507984000.0,43.95,45.04,9.11
2020-07-09,152.11,152.38,7.54,5.7,1.84,85.95,156.58,120.67,138.63,2635758000.0,45.95,49.85,8.17
2020-07-10,155.21,154.92,8.13,6.19,1.94,86.7,159.74,120.72,140.23,2745478000.0,47.86,48.26,7.61
2020-07-13,155.68,155.01,8.12,6.58,1.55,63.41,161.22,122.04,141.63,2591070000.0,49.98,47.97,6.06
2020-07-14,156.52,154.74,7.94,6.85,1.09,59.26,162.27,123.54,142.91,2446432000.0,50.07,42.04,13.57
2020-07-15,155.79,153.31,7.41,6.96,0.45,45.34,162.68,125.1,143.89,2330654000.0,50.15,38.43,12.4
2020-07-16,153.97,152.2,6.87,6.95,-0.07,43.81,162.94,126.64,144.79,2202770000.0,49.43,35.45,15.19
2020-07-17,151.59,150.84,6.22,6.8,-0.58,37.16,162.88,128.24,145.56,2107544000.0,48.75,33.58,14.39
2020-07-20,152.52,153.84,6.58,6.76,-0.18,71.11,164.36,129.37,146.86,2259508000.0,49.06,39.74,12.2
2020-07-21,153.06,154.86,6.55,6.72,-0.16,60.86,165.15,130.69,147.92,2137082000.0,49.51,38.84,11.17
2020-07-22,153.97,154.91,6.3,6.63,-0.33,54.44,165.65,131.87,148.76,2054998000.0,49.35,36.74,13.15
2020-07-23,153.84,153.05,5.58,6.42,-0.84,39.17,165.35,133.43,149.39,1941860000.0,47.98,33.73,18.08
2020-07-24,154.3,152.18,5.04,6.15,-1.1,43.1,165.06,134.99,150.03,2054508000.0,45.81,30.73,21.55
2020-07-27,152.89,152.37,4.75,5.87,-1.12,51.26,164.23,137.63,150.93,2137918000.0,44.25,33.19,20.34
2020-07-28,151.51,151.59,4.24,5.54,-1.3,42.28,162.56,140.9,151.73,2075384000.0,42.59,31.46,20.56
2020-07-29,150.85,151.62,3.93,5.22,-1.29,49.03,161.22,143.62,152.42,2134866000.0,41.04,30.56,19.98
2020-07-30,151.5,151.94,3.72,4.92,-1.2,52.84,160.74,144.97,152.85,2257432000.0,40.0,32.35,18.79
2020-07-31,153.06,154.04,3.96,4.73,-0.77,70.06,160.77,146.31,153.54,2419142000.0,39.99,38.23,16.44
2020-08-03,153.62,154.56,3.89,4.56,-0.67,57.73,160.95,146.4,153.68,2317648000.0,39.42,36.23,18.66
2020-08-04,155.01,155.35,3.9,4.43,-0.53,62.0,161.22,146.82,154.02,2411534000.0,38.86,34.62,18.02
2020-08-05,156.72,156.99,4.12,4.37,-0.24,70.99,162.03,146.64,154.33,2489864000.0,38.63,35.74,16.96
2020-08-06,158.45,158.41,4.33,4.36,-0.02,73.36,162.45,146.43,154.44,2568676000.0,38.62,36.06,15.99
2020-08-07,158.48,158.4,4.22,4.33,-0.11,56.65,162.17,146.55,154.36,2489954000.0,38.28,33.55,16.6
2020-08-10,158.84,158.07,4.01,4.27,-0.26,51.71,162.39,146.55,154.47,2426608000.0,37.43,31.86,18.54
2020-08-11,158.26,156.72,3.52,4.12,-0.59,37.44,162.38,146.54,154.46,2352246000.0,36.27,29.89,19.44
2020-08-12,157.84,157.19,3.43,3.98,-0.55,55.85,162.69,147.0,154.84,2422688000.0,35.32,28.96,18.13
2020-08-13,157.2,157.47,3.31,3.85,-0.53,55.54,162.88,147.61,155.25,2359708000.0,34.81,30.81,17.29
2020-08-14,157.0,157.45,3.13,3.7,-0.57,51.77,162.65,148.77,155.71,2304674000.0,33.83,29.45,19.19
2020-08-17,157.34,158.01,3.09,3.58,-0.49,60.62,162.53,148.82,155.68,2358498000.0,33.07,29.68,18.48
2020-08-18,159.66,160.55,3.54,3.57,-0.03,78.91,164.22,148.0,156.11,2465418000.0,33.36,36.09,16.54
2020-08-19,160.64,161.37,3.65,3.59,0.06,64.04,165.14,147.88,156.51,2381716000.0,33.63,34.4,15.77
2020-08-20,162.01,162.54,3.84,3.64,0.2,69.19,165.99,148.59,157.29,2448366000.0,33.6,32.37,16.26
2020-08-21,163.37,163.1,3.89,3.69,0.2,65.19,166.58,149.37,157.98,2376848000.0,33.58,31.47,15.74
2020-08-24,164.63,163.86,3.98,3.75,0.23,69.19,167.44,149.78,158.61,2470174000.0,34.09,33.66,14.19
2020-08-25,164.97,165.01,4.16,3.83,0.33,75.29,168.16,150.79,159.47,2550030000.0,34.56,31.22,13.16
2020-08-26,166.78,167.37,4.63,3.99,0.64,84.59,170.03,150.96,160.5,2680204000.0,35.65,36.03,12.05
2020-08-27,167.81,168.25,4.79,4.15,0.64,70.11,171.03,151.7,161.37,2594908000.0,36.68,33.97,11.33
2020-08-28,168.98,168.86,4.86,4.29,0.57,70.38,172.22,151.7,161.96,2652848000.0,37.63,32.65,10.89
2020-08-31,170.41,170.09,5.05,4.44,0.61,77.41,173.61,152.0,162.81,2736566000.0,38.91,35.22,10.05
2020-09-01,171.94,171.71,5.34,4.62,0.72,82.5,175.38,152.04,163.71,2805210000.0,40.21,34.94,9.52
2020-09-02,172.83,173.33,5.64,4.83,0.81,85.28,177.34,151.71,164.52,2883840000.0,41.65,36.26,8.99
2020-09-03,172.51,171.69,5.15,4.89,0.26,42.54,177.71,152.05,164.88,2720618000.0,39.87,29.97,21.38
2020-09-04,171.44,169.37,4.42,4.8,-0.38,33.2,177.68,152.72,165.2,2544982000.0,37.78,24.54,30.36
2020-09-08,168.43,165.41,3.22,4.48,-1.26,21.54,177.67,152.74,165.2,2423098000.0,35.83,21.94,27.14
2020-09-09,166.13,164.75,2.71,4.13,-1.41,42.32,177.08,154.26,165.67,2526872000.0,33.49,23.11,24.52
2020-09-10,162.56,162.75,1.91,3.68,-1.77,33.57,177.03,154.37,165.7,2420258000.0,31.34,23.43,21.87
2020-09-11,160.04,160.44,1.03,3.15,-2.12,28.87,177.26,153.92,165.59,2318378000.0,29.67,21.56,25.3
2020-09-14,158.13,158.68,0.28,2.58,-2.3,27.78,177.5,153.46,165.48,2227786000.0,28.12,20.37,23.9
2020-09-15,158.19,158.39,-0.11,2.04,-2.15,39.31,177.59,153.24,165.41,2308216000.0,26.68,19.45,22.82
2020-09-16,156.29,156.89,-0.72,1.49,-2.21,30.4,177.99,151.66,164.83,2217972000.0,25.69,18.07,23.38
2020-09-17,154.62,154.74,-1.47,0.9,-2.36,24.29,178.78,149.62,164.2,2088990000.0,25.65,16.87,28.22
2020-09-18,153.01,152.41,-2.25,0.27,-2.52,20.32,179.58,147.11,163.34,1911138000.0,26.11,15.49,30.06
2020-09-21,151.58,150.95,-2.81,-0.35,-2.47,21.97,180.08,144.99,162.53,2033496000.0,26.76,14.6,30.52
2020-09-22,151.31,152.78,-2.55,-0.79,-1.76,56.21,179.77,144.4,162.09,2172472000.0,25.38,23.51,27.3
2020-09-23,150.53,151.85,-2.83,-1.2,-1.64,39.58,179.48,142.96,161.22,2059418000.0,24.17,21.58,25.53
2020-09-24,150.64,151.56,-2.94,-1.55,-1.4,42.84,178.23,142.1,160.16,2170006000.0,23.28,20.22,25.57
2020-09-25,152.04,152.63,-2.69,-1.78,-0.92,54.46,177.02,141.78,159.4,2262310000.0,22.1,20.92,23.97
2020-09-28,154.18,154.65,-2.15,-1.85,-0.3,64.04,175.76,141.91,158.83,2346794000.0,20.78,24.47,22.77
2020-09-29,154.34,155.52,-1.82,-1.85,0.02,58.37,173.78,142.35,158.07,2276878000.0,19.68,24.45,21.95
2020-09-30,155.83,156.16,-1.53,-1.78,0.26,58.97,170.87,143.52,157.19,2374800000.0,18.9,24.8,20.8
2020-10-01,157.84,157.79,-0.99,-1.62,0.64,69.36,167.02,145.81,156.42,2474238000.0,18.29,24.29,19.74
2020-10-02,158.14,157.28,-0.94,-1.49,0.55,48.84,164.88,146.74,155.81,2361976000.0,17.13,22.66,21.75
2020-10-05,158.39,158.17,-0.59,-1.31,0.71,60.19,163.91,147.23,155.57,2437482000.0,16.13,21.91,20.58
2020-10-06,157.94,157.11,-0.71,-1.19,0.48,43.91,163.74,147.15,155.45,2335744000.0,15.36,20.26,22.54
2020-10-07,158.41,158.0,-0.41,-1.03,0.62,57.7,162.99,147.54,155.26,2421932000.0,14.42,20.1,20.98
2020-10-08,158.1,158.51,-0.2,-0.87,0.67,56.77,163.1,147.5,155.3,2358450000.0,13.65,21.64,20.11
2020-10-09,159.72,160.45,0.36,-0.62,0.98,68.66,164.47,146.99,155.73,2456608000.0,13.58,24.1,18.69
2020-10-12,162.16,164.35,1.41,-0.21,1.63,79.9,167.86,145.29,156.58,2623892000.0,15.21,34.5,16.09
2020-10-13,165.59,166.96,2.23,0.27,1.95,79.94,170.48,144.12,157.3,2738786000.0,16.72,32.9,15.35
2020-10-14,167.27,167.37,2.52,0.72,1.8,62.16,171.91,144.12,158.01,2622532000.0,17.02,30.14,19.72
2020-10-15,168.76,167.22,2.62,1.1,1.52,57.18,172.79,144.88,158.84,2518064000.0,16.6,28.42,22.69
2020-10-16,168.62,166.03,2.4,1.36,1.04,45.25,172.76,146.5,159.63,2388576000.0,15.78,24.16,26.79
2020-10-19,166.26,164.14,1.95,1.48,0.47,35.93,172.24,148.25,160.25,2284104000.0,15.03,22.13,24.54
2020-10-20,163.99,163.04,1.61,1.51,0.1,38.31,172.34,148.6,160.47,2374298000.0,14.33,21.1,23.43
2020-10-21,162.21,161.78,1.19,1.44,-0.25,33.27,171.81,150.05,160.93,2282444000.0,13.99,20.08,24.39
2020-10-22,160.58,160.79,0.82,1.32,-0.5,31.87,171.27,151.37,161.32,2198204000.0,14.05,19.06,25.67
2020-10-23,159.9,160.6,0.63,1.18,-0.55,41.87,171.1,152.09,161.59,2267538000.0,14.02,18.66,24.53
2020-10-26,159.9,160.52,0.49,1.04,-0.55,42.86,171.1,152.25,161.68,2385562000.0,13.04,22.25,22.39
2020-10-27,160.59,161.78,0.69,0.97,-0.28,65.13,171.3,152.76,162.03,2471382000.0,12.18,21.56,21.1
2020-10-28,160.37,160.57,0.34,0.85,-0.5,37.02,171.27,152.86,162.07,2359616000.0,11.8,19.76,22.63
2020-10-29,160.72,160.56,0.26,0.73,-0.47,47.98,171.25,152.83,162.04,2491546000.0,11.44,18.5,21.18
2020-10-30,159.03,157.64,-0.51,0.48,-0.99,26.83,171.76,151.87,161.82,2323818000.0,12.5,16.22,27.86
2020-11-02,157.01,155.17,-1.23,0.14,-1.37,24.4,172.47,150.19,161.33,2178670000.0,14.01,14.89,29.93
2020-11-03,154.63,154.25,-1.6,-0.21,-1.39,34.67,172.69,149.71,161.2,2276628000.0,15.4,14.0,28.13
2020-11-04,155.41,156.86,-1.11,-0.39,-0.72,62.58,172.79,149.84,161.32,2413408000.0,14.62,22.65,24.77
2020-11-05,156.52,159.94,-0.39,-0.39,0.0,69.42,173.27,150.02,161.64,2529194000.0,14.33,28.3,22.89
2020-11-06,159.27,161.81,0.14,-0.28,0.42,67.4,173.4,150.01,161.71,2436248000.0,13.53,26.73,25.12
2020-11-09,160.67,160.27,-0.12,-0.25,0.13,42.78,171.77,150.15,160.96,2292440000.0,13.32,23.62,29.21
2020-11-10,160.53,157.43,-0.75,-0.35,-0.4,33.0,170.16,149.72,159.94,2160620000.0,13.76,21.9,32.5
2020-11-11,159.5,157.24,-0.83,-0.44,-0.38,47.2,168.93,149.81,159.37,2247958000.0,13.93,22.04,30.5
2020-11-12,157.38,156.67,-0.99,-0.55,-0.44,44.11,167.84,149.76,158.8,2160718000.0,13.73,23.06,28.85
2020-11-13,155.55,156.59,-1.03,-0.65,-0.38,47.07,167.25,149.63,158.44,2235842000.0,13.55,22.25,27.88
2020-11-16,155.43,156.58,-1.04,-0.73,-0.31,47.5,167.05,149.45,158.25,2312016000.0,13.49,21.25,27.44
2020-11-17,156.43,156.65,-1.02,-0.79,-0.23,48.55,166.78,149.31,158.05,2380910000.0,12.94,23.52,26.38
2020-11-18,156.11,156.19,-1.11,-0.85,-0.26,41.7,166.65,149.05,157.85,2322574000.0,12.7,22.95,27.84
2020-11-19,156.18,156.08,-1.13,-0.91,-0.22,45.39,166.53,148.87,157.7,2382780000.0,12.71,22.21,28.71
2020-11-20,155.89,155.71,-1.19,-0.96,-0.23,40.51,166.26,148.61,157.44,2315292000.0,12.61,22.22,27.95
2020-11-23,155.56,155.44,-1.24,-1.02,-0.22,40.2,165.95,148.38,157.16,2221114000.0,12.85,20.94,28.86
2020-11-24,155.38,155.6,-1.18,-1.05,-0.13,49.58,164.9,148.59,156.74,2293156000.0,13.07,20.14,27.75
2020-11-25,156.18,156.82,-0.85,-1.01,0.16,69.77,165.01,148.59,156.8,2368964000.0,12.41,23.99,25.96
2020-11-27,156.96,157.8,-0.55,-0.92,0.37,71.92,164.9,148.62,156.76,2416822000.0,11.58,24.9,25.27
2020-11-30,157.65,158.0,-0.41,-0.82,0.41,58.16,164.93,149.25,157.09,2335544000.0,11.55,22.76,28.49
2020-12-01,158.87,159.0,-0.09,-0.67,0.58,71.26,164.98,150.28,157.63,2426284000.0,11.25,22.73,26.32
2020-12-02,159.72,159.39,0.1,-0.52,0.61,63.37,165.04,151.0,158.02,2363698000.0,10.97,21.6,25.0
2020-12-03,159.74,159.37,0.17,-0.38,0.55,55.56,164.68,151.08,157.88,2305858000.0,10.7,20.7,23.96
2020-12-04,159.41,158.96,0.14,-0.28,0.41,45.49,163.15,151.81,157.48,2247586000.0,10.76,19.96,25.16
2020-12-07,159.31,158.61,0.09,-0.2,0.29,43.62,161.4,152.8,157.1,2192560000.0,11.04,19.22,25.84
2020-12-08,158.88,158.69,0.12,-0.14,0.26,53.67,161.55,152.81,157.18,2258286000.0,11.59,18.05,26.33
2020-12-09,157.89,157.53,-0.14,-0.14,-0.0,29.1,161.08,153.63,157.36,2176270000.0,12.49,16.53,27.13
2020-12-10,157.04,156.71,-0.36,-0.18,-0.17,28.5,161.11,153.42,157.27,2115666000.0,13.48,15.49,26.57
2020-12-11,156.57,156.42,-0.46,-0.24,-0.22,37.45,161.1,153.46,157.28,2176960000.0,14.44,14.8,25.69
2020-12-14,156.56,156.89,-0.38,-0.27,-0.11,56.1,161.16,153.54,157.35,2260076000.0,13.91,20.74,23.83
2020-12-15,156.44,157.35,-0.27,-0.27,-0.01,59.16,161.25,153.63,157.44,2326466000.0,13.41,19.55,22.46
2020-12-16,157.81,158.91,0.11,-0.19,0.3,77.45,161.99,153.41,157.7,2415018000.0,12.94,23.68,20.62
2020-12-17,159.16,159.88,0.39,-0.07,0.47,74.75,162.52,153.54,158.03,2345532000.0,12.76,24.34,19.74
2020-12-18,160.01,159.95,0.47,0.03,0.44,57.21,162.7,153.78,158.24,2225618000.0,11.96,22.44,23.15
2020-12-21,160.5,160.07,0.55,0.14,0.41,58.8,162.79,154.22,158.51,2302354000.0,11.31,21.05,22.29
2020-12-22,160.91,160.15,0.6,0.23,0.37,58.95,162.79,154.76,158.78,2349742000.0,10.71,20.13,21.31
2020-12-23,160.36,159.86,0.55,0.29,0.26,46.36,162.74,155.15,158.94,2307866000.0,10.15,19.56,20.71
2020-12-24,159.72,159.45,0.46,0.33,0.13,40.04,162.71,155.12,158.91,2278828000.0,9.92,18.83,21.65
2020-12-28,160.55,161.03,0.82,0.43,0.39,76.09,163.57,154.7,159.13,2392564000.0,10.51,26.95,18.66
2020-12-29,161.7,162.72,1.25,0.59,0.66,80.98,164.87,154.17,159.52,2490022000.0,11.67,29.88,17.3
2020-12-30,162.5,163.25,1.42,0.76,0.67,65.16,165.4,153.97,159.68,2425836000.0,12.74,28.0,16.21
2020-12-31,163.21,163.11,1.43,0.89,0.54,54.51,165.69,153.94,159.82,2366692000.0,12.86,26.64,19.9
2021-01-04,163.35,161.85,1.14,0.94,0.2,36.42,165.69,153.94,159.82,2278464000.0,12.51,23.17,27.19
2021-01-05,162.7,161.54,1.03,0.96,0.07,46.49,165.8,154.11,159.96,2331574000.0,12.19,21.78,25.56
2021-01-06,160.86,160.0,0.6,0.89,-0.28,31.04,165.84,153.98,159.91,2243678000.0,12.37,19.86,26.73
2021-01-07,159.63,159.37,0.36,0.78,-0.42,38.61,165.83,153.91,159.87,2313968000.0,12.33,19.57,24.84
2021-01-08,158.88,159.29,0.25,0.68,-0.42,45.11,165.65,154.48,160.07,2384722000.0,12.49,18.59,24.91
2021-01-11,158.16,158.1,-0.11,0.52,-0.63,31.3,165.57,154.62,160.1,2311054000.0,13.1,17.19,26.37
2021-01-12,157.18,157.41,-0.37,0.34,-0.71,33.75,165.55,154.67,160.11,2381346000.0,14.0,16.19,27.33
2021-01-13,157.46,157.71,-0.39,0.2,-0.58,49.18,165.54,154.72,160.13,2447770000.0,13.84,20.01,25.36
2021-01-14,157.11,157.26,-0.55,0.05,-0.6,39.4,165.63,154.44,160.04,2386352000.0,13.72,18.8,23.98
2021-01-15,156.33,156.58,-0.76,-0.12,-0.65,34.25,165.59,153.8,159.7,2301472000.0,14.0,17.83,25.49
2021-01-19,156.39,156.4,-0.86,-0.26,-0.59,41.09,165.42,153.39,159.41,2367574000.0,14.21,17.14,24.12
2021-01-20,157.82,158.66,-0.35,-0.28,-0.07,72.25,165.79,153.33,159.56,2473770000.0,14.31,27.86,20.3
2021-01-21,159.23,160.89,0.22,-0.18,0.4,76.92,166.53,153.09,159.81,2572492000.0,15.21,32.28,18.6
2021-01-22,160.88,162.13,0.61,-0.02,0.63,71.81,167.06,152.99,160.03,2516054000.0,15.93,31.01,18.52
2021-01-25,162.77,162.99,0.92,0.17,0.75,72.09,167.61,152.99,160.3,2591050000.0,17.05,31.45,16.35
2021-01-26,164.83,164.09,1.27,0.39,0.89,77.19,168.4,152.97,160.68,2650154000.0,18.08,29.74,15.47
2021-01-27,164.52,163.27,1.16,0.54,0.62,46.35,168.12,152.99,160.55,2556950000.0,17.63,25.91,20.48
2021-01-28,163.83,162.81,1.09,0.65,0.43,47.76,167.5,153.19,160.34,2619934000.0,17.21,24.15,19.09
2021-01-29,162.97,161.98,0.89,0.7,0.19,39.66,167.07,153.22,160.14,2534062000.0,16.07,22.94,22.32
2021-02-01,163.45,163.7,1.27,0.81,0.45,68.6,167.85,152.87,160.36,2617266000.0,16.46,30.08,19.45
2021-02-02,163.99,165.47,1.7,0.99,0.71,73.0,169.2,152.48,160.84,2759238000.0,17.55,34.69,17.99
2021-02-03,164.79,165.52,1.75,1.14,0.61,55.38,169.69,152.46,161.08,2617462000.0,17.74,30.98,20.55
2021-02-04,165.73,165.86,1.84,1.28,0.56,58.78,170.27,152.85,161.56,2690876000.0,17.47,29.13,21.98
2021-02-05,167.19,166.44,1.97,1.42,0.55,62.84,170.97,153.1,162.03,2763292000.0,17.54,29.86,20.56
2021-02-08,166.99,166.35,1.94,1.52,0.42,53.71,171.39,153.38,162.39,2698144000.0,17.61,28.24,19.45
2021-02-09,166.24,165.98,1.82,1.58,0.24,48.32,171.4,154.32,162.86,2654074000.0,17.56,27.2,19.3
2021-02-10,165.98,165.43,1.63,1.59,0.04,42.81,171.23,155.32,163.28,2591042000.0,16.81,25.58,22.23
2021-02-11,165.29,164.66,1.37,1.55,-0.18,36.0,171.14,155.89,163.52,2545014000.0,16.01,24.5,21.86
2021-02-12,164.54,164.4,1.21,1.48,-0.27,43.2,170.78,157.01,163.89,2591720000.0,15.03,23.37,22.31
2021-02-16,164.0,164.08,1.04,1.39,-0.36,40.03,169.93,158.68,164.3,2540226000.0,14.55,24.9,21.08
2021-02-17,164.04,164.53,1.05,1.32,-0.28,57.62,168.94,160.6,164.77,2606176000.0,14.3,24.63,19.77
2021-02-18,164.46,165.16,1.12,1.28,-0.16,64.11,169.1,160.78,164.94,2666724000.0,14.31,24.76,18.48
2021-02-19,164.33,164.27,0.85,1.2,-0.34,36.31,169.08,160.51,164.79,2580620000.0,13.78,22.58,19.68
2021-02-22,163.36,162.53,0.36,1.03,-0.67,24.55,169.48,159.55,164.51,2510306000.0,13.51,20.84,25.47
2021-02-23,162.62,161.59,0.02,0.83,-0.81,30.18,169.65,158.88,164.27,2603850000.0,14.25,18.62,30.3
2021-02-24,161.13,160.39,-0.38,0.59,-0.97,24.4,169.8,157.9,163.85,2543624000.0,14.94,17.38,28.28
2021-02-25,158.42,157.88,-1.1,0.25,-1.35,14.35,171.01,155.81,163.41,2452948000.0,16.39,15.31,32.0
2021-02-26,156.85,156.8,-1.51,-0.1,-1.41,27.41,171.55,154.55,163.05,2538466000.0,17.85,14.11,30.52
2021-03-01,156.5,156.97,-1.6,-0.4,-1.2,43.44,171.68,154.11,162.9,2593048000.0,18.65,15.89,28.92
2021-03-02,155.5,156.22,-1.86,-0.69,-1.17,34.27,171.52,153.04,162.28,2541132000.0,19.12,16.06,26.87
2021-03-03,153.96,154.23,-2.4,-1.03,-1.36,23.5,171.43,151.25,161.34,2461358000.0,20.49,14.43,32.41
2021-03-04,153.16,152.45,-2.9,-1.41,-1.49,20.98,171.74,149.26,160.5,2351726000.0,22.18,13.01,33.55
2021-03-05,152.24,151.64,-3.17,-1.76,-1.41,28.94,171.44,147.92,159.68,2459498000.0,24.21,11.62,35.35
2021-03-08,150.3,150.29,-3.54,-2.12,-1.43,22.84,170.96,146.39,158.68,2375798000.0,25.05,15.09,32.07
2021-03-09,149.98,151.24,-3.35,-2.36,-0.99,51.84,170.03,146.02,158.03,2456398000.0,25.37,15.51,28.57
2021-03-10,150.5,151.79,-3.18,-2.53,-0.65,50.72,169.13,145.68,157.41,2396148000.0,25.25,16.47,26.63
2021-03-11,151.86,153.09,-2.79,-2.58,-0.21,61.79,168.28,145.67,156.98,2451676000.0,24.87,16.72,25.05
2021-03-12,152.76,153.55,-2.55,-2.57,0.03,55.12,167.53,145.56,156.54,2403238000.0,24.93,15.79,26.7
2021-03-15,154.05,153.73,-2.36,-2.53,0.17,52.81,166.55,145.56,156.05,2344966000.0,25.12,15.04,26.55
2021-03-16,154.34,154.02,-2.14,-2.45,0.31,55.83,165.56,145.66,155.61,2395742000.0,24.47,18.35,25.34
2021-03-17,155.12,154.94,-1.78,-2.32,0.54,67.14,164.08,146.28,155.18,2458114000.0,23.16,20.48,23.14
2021-03-18,154.27,153.76,-1.9,-2.23,0.34,37.59,161.81,147.04,154.43,2385122000.0,22.52,18.61,24.76
2021-03-19,154.12,153.76,-1.78,-2.14,0.36,49.66,160.38,147.6,153.99,2477630000.0,22.03,17.66,24.2
2021-03-22,154.41,154.35,-1.53,-2.02,0.49,57.52,159.83,147.81,153.82,2535674000.0,20.77,20.87,22.82
2021-03-23,154.87,155.19,-1.21,-1.86,0.65,62.88,159.23,148.11,153.67,2612020000.0,19.75,24.38,21.42
2021-03-24,154.38,154.91,-1.14,-1.72,0.57,48.41,158.71,148.28,153.49,2552840000.0,18.39,22.78,23.12
2021-03-25,154.57,154.05,-1.24,-1.62,0.38,39.26,158.7,148.23,153.47,2481570000.0,17.76,21.33,25.86
2021-03-26,154.34,153.56,-1.28,-1.55,0.27,41.22,158.58,148.15,153.36,2547828000.0,17.67,20.17,28.14
2021-03-29,153.99,153.64,-1.21,-1.48,0.28,49.59,158.09,148.29,153.19,2602748000.0,17.05,22.16,26.53
2021-03-30,153.16,153.35,-1.21,-1.43,0.22,42.99,157.94,148.24,153.09,2555996000.0,16.47,21.3,25.49
2021-03-31,153.23,153.8,-1.05,-1.35,0.3,56.66,158.03,148.6,153.31,2617874000.0,15.37,24.4,23.94
2021-04-01,154.38,155.22,-0.64,-1.21,0.57,71.44,158.46,149.08,153.77,2676680000.0,14.93,26.93,22.38
2021-04-05,156.13,157.26,-0.06,-0.98,0.93,79.86,159.75,148.92,154.34,2743378000.0,15.38,32.03,20.78
2021-04-06,157.61,158.57,0.39,-0.71,1.1,78.58,160.29,149.74,155.02,2692622000.0,15.93,32.19,20.15
2021-04-07,159.85,160.37,0.96,-0.37,1.34,84.52,162.03,149.08,155.56,2759546000.0,17.0,35.22,18.55
2021-04-08,161.9,161.9,1.48,-0.0,1.48,86.23,163.69,148.63,156.16,2815788000.0,18.2,35.72,17.7
2021-04-09,164.01,164.14,2.15,0.43,1.73,90.85,166.08,147.53,156.81,2902618000.0,19.73,37.53,16.22
2021-04-12,165.54,165.75,2.69,0.88,1.81,91.21,168.14,146.93,157.53,2968254000.0,21.34,38.18,15.49
2021-04-13,167.3,167.17,3.16,1.34,1.82,92.31,170.1,146.55,158.33,3034570000.0,23.13,39.95,14.63
2021-04-14,167.84,166.99,3.23,1.71,1.51,61.27,171.11,146.76,158.93,2971666000.0,23.47,36.71,20.68
2021-04-15,168.64,167.65,3.42,2.06,1.37,69.96,172.42,146.66,159.54,3036338000.0,23.79,34.26,19.3
2021-04-16,168.91,168.42,3.62,2.37,1.25,73.27,173.54,147.39,160.47,3100058000.0,24.19,33.43,18.25
2021-04-19,168.84,168.48,3.63,2.62,1.0,61.8,174.36,148.06,161.21,3045550000.0,24.87,33.83,16.79
2021-04-20,168.18,167.9,3.44,2.78,0.65,48.81,174.86,148.68,161.77,2993090000.0,24.64,31.44,20.26
2021-04-21,168.47,167.97,3.36,2.9,0.46,57.07,175.5,149.16,162.33,3037314000.0,24.2,29.47,20.28
2021-04-22,167.77,167.13,3.05,2.93,0.12,41.02,175.59,150.18,162.89,2985702000.0,23.92,28.3,18.75
2021-04-23,167.19,167.1,2.9,2.92,-0.02,51.31,175.47,151.78,163.62,3049558000.0,23.69,26.53,17.43
2021-04-26,167.56,168.22,3.02,2.94,0.08,66.79,175.57,153.46,164.52,3147172000.0,24.17,29.36,15.68
2021-04-27,168.38,169.1,3.12,2.98,0.14,68.35,175.58,155.16,165.37,3223714000.0,24.97,30.75,14.67
2021-04-28,169.35,170.38,3.32,3.05,0.27,75.38,175.31,157.44,166.38,3316352000.0,26.03,31.53,13.58
2021-04-29,170.97,171.44,3.49,3.13,0.35,77.34,175.02,159.62,167.32,3470000000.0,27.26,31.48,12.48
2021-04-30,172.24,172.08,3.57,3.22,0.35,75.07,174.95,161.22,168.09,3329814000.0,28.76,32.55,11.34
2021-05-03,172.01,171.16,3.27,3.23,0.04,42.57,174.63,162.35,168.49,3212304000.0,28.25,29.0,18.7
2021-05-04,170.96,169.31,2.7,3.12,-0.43,28.4,174.05,163.36,168.71,3103516000.0,26.24,25.94,26.01
2021-05-05,169.08,167.38,2.05,2.91,-0.86,23.08,174.11,163.26,168.68,3029290000.0,24.48,23.8,24.58
2021-05-06,167.43,166.69,1.67,2.66,-0.99,36.06,174.08,163.33,168.7,3118244000.0,23.09,22.33,24.64
2021-05-07,165.67,165.99,1.29,2.39,-1.1,33.17,174.17,162.83,168.5,3024038000.0,21.54,23.01,23.66
2021-05-10,163.71,163.83,0.57,2.02,-1.45,19.69,174.91,161.15,168.03,2907266000.0,21.36,20.84,30.63
2021-05-11,162.83,162.95,0.14,1.65,-1.51,31.24,175.01,160.16,167.59,2999662000.0,21.82,18.76,33.22
2021-05-12,161.64,161.17,-0.49,1.22,-1.71,22.52,175.74,158.53,167.14,2900934000.0,22.25,17.24,30.53
2021-05-13,160.19,160.14,-0.94,0.79,-1.73,25.94,176.01,157.18,166.59,2967952000.0,22.65,16.14,28.59
2021-05-14,159.51,160.47,-1.03,0.43,-1.46,45.37,175.72,156.58,166.15,3034452000.0,22.55,17.43,26.84
2021-05-17,160.31,161.49,-0.91,0.16,-1.06,56.42,175.46,156.33,165.9,3108930000.0,21.39,22.17,25.12
2021-05-18,160.39,161.53,-0.95,-0.06,-0.89,46.9,175.37,155.91,165.64,3052362000.0,20.01,22.27,23.25
2021-05-19,161.19,161.55,-0.97,-0.24,-0.73,46.78,175.13,155.5,165.31,2998768000.0,19.37,21.21,26.49
2021-05-20,162.05,161.83,-0.92,-0.38,-0.54,52.03,175.06,155.26,165.16,3051432000.0,18.38,23.08,25.76
2021-05-21,161.85,161.27,-1.04,-0.51,-0.53,38.64,174.91,154.73,164.82,2969334000.0,17.99,21.71,28.13
2021-05-24,161.6,161.6,-0.96,-0.6,-0.36,52.88,174.21,154.6,164.41,3017790000.0,17.6,20.63,26.57
2021-05-25,161.87,162.05,-0.83,-0.65,-0.18,57.06,173.37,154.65,164.01,3083012000.0,16.86,21.47,24.79
2021-05-26,162.2,162.45,-0.69,-0.66,-0.04,59.04,171.94,155.11,163.53,3130692000.0,15.89,22.3,23.82
2021-05-27,162.02,162.14,-0.72,-0.67,-0.05,44.4,170.0,155.85,162.92,3079468000.0,15.44,21.45,26.01
2021-05-28,162.22,161.81,-0.76,-0.69,-0.07,41.8,167.54,157.09,162.31,3032872000.0,15.18,20.76,26.34
2021-06-01,161.96,161.52,-0.8,-0.71,-0.09,39.96,166.04,157.75,161.89,2984272000.0,15.11,19.75,26.3
2021-06-02,161.71,161.58,-0.76,-0.72,-0.04,49.58,165.48,157.92,161.7,3024562000.0,15.07,19.1,25.57
2021-06-03,160.93,160.84,-0.91,-0.76,-0.15,30.73,165.3,157.68,161.49,2976596000.0,15.42,17.93,26.94
2021-06-04,160.69,160.66,-0.94,-0.79,-0.14,42.0,164.65,157.83,161.24,3021590000.0,15.59,17.99,25.78
2021-06-07,160.44,160.41,-0.98,-0.83,-0.15,38.64,164.1,157.92,161.01,2977274000.0,16.2,17.16,28.03
2021-06-08,160.89,161.34,-0.74,-0.81,0.07,66.0,164.34,158.04,161.19,3045608000.0,15.16,24.37,25.17
2021-06-09,161.36,162.25,-0.48,-0.75,0.27,70.27,164.72,157.94,161.33,3094718000.0,14.3,25.65,24.08
2021-06-10,162.99,163.99,0.01,-0.59,0.6,81.78,165.74,157.92,161.83,3164248000.0,14.4,30.15,21.95
2021-06-11,164.4,165.11,0.38,-0.4,0.78,80.18,166.5,158.08,162.29,3107900000.0,14.73,30.88,21.0
2021-06-14,166.26,166.47,0.81,-0.16,0.97,84.99,167.82,157.56,162.69,3159294000.0,15.32,31.29,19.63
2021-06-15,167.45,167.37,1.14,0.1,1.04,84.48,168.83,157.12,162.97,3110770000.0,16.03,31.48,18.73
2021-06-16,168.79,168.5,1.51,0.38,1.13,88.3,170.15,156.71,163.43,3194826000.0,17.12,32.62,17.1
2021-06-17,170.18,170.49,2.08,0.72,1.36,93.16,172.27,155.88,164.08,3297556000.0,18.96,37.59,15.03
2021-06-18,171.58,171.77,2.49,1.08,1.41,91.65,173.96,155.39,164.67,3192602000.0,20.77,37.23,14.38
2021-06-21,172.28,172.08,2.65,1.39,1.26,71.38,174.97,155.63,165.3,3127060000.0,21.45,34.68,18.55
2021-06-22,173.51,173.14,2.96,1.7,1.25,80.02,176.43,155.47,165.95,3193962000.0,22.57,36.91,16.9
2021-06-23,174.39,173.83,3.15,1.99,1.16,79.08,177.68,155.45,166.56,3137696000.0,23.62,35.09,16.07
2021-06-24,173.99,173.37,3.05,2.21,0.85,52.88,178.31,155.73,167.02,3061056000.0,23.35,31.0,20.69
2021-06-25,173.14,172.27,2.75,2.31,0.44,38.87,178.52,156.38,167.45,2982236000.0,22.37,28.32,23.38
2021-06-28,173.04,172.25,2.65,2.38,0.27,52.8,178.86,157.15,168.0,3027092000.0,21.45,26.69,22.04
2021-06-29,172.46,172.3,2.56,2.42,0.14,54.11,179.09,158.07,168.58,3069060000.0,20.74,26.59,21.11
2021-06-30,171.83,172.2,2.43,2.42,0.01,50.8,179.2,158.98,169.09,3020980000.0,20.35,27.36,20.09
2021-07-01,171.67,172.02,2.27,2.39,-0.12,47.53,178.82,160.6,169.71,2980238000.0,19.41,25.63,22.21
2021-07-02,172.76,173.19,2.43,2.4,0.03,71.99,178.83,162.11,170.47,3043626000.0,19.46,30.06,19.97
2021-07-06,175.08,176.73,3.18,2.55,0.63,87.44,180.46,162.87,171.66,3178522000.0,21.36,43.54,16.1
2021-07-07,177.56,179.43,3.82,2.81,1.01,88.45,182.39,163.1,172.75,3285084000.0,23.47,46.15,15.04
2021-07-08,180.48,181.81,4.42,3.13,1.29,90.11,184.41,163.33,173.87,3388696000.0,24.32,39.53,18.85
2021-07-09,183.34,183.19,4.78,3.46,1.32,84.83,186.14,163.45,174.8,3313732000.0,25.11,37.27,17.77
2021-07-12,185.42,184.11,5.02,3.77,1.24,84.43,187.51,163.94,175.72,3262300000.0,25.93,35.87,16.64
2021-07-13,185.43,184.03,4.97,4.01,0.96,64.42,188.35,164.56,176.46,3185382000.0,26.19,32.15,17.51
2021-07-14,185.28,184.05,4.9,4.19,0.71,65.49,189.05,165.36,177.2,3251314000.0,26.21,30.26,17.56
2021-07-15,184.28,183.22,4.59,4.27,0.32,45.47,189.35,166.14,177.74,3187608000.0,25.47,27.94,20.32
2021-07-16,182.82,181.71,4.06,4.23,-0.17,31.67,189.46,166.45,177.96,3106734000.0,23.92,25.78,23.91
2021-07-19,181.13,180.3,3.51,4.08,-0.58,27.34,189.5,166.72,178.11,3031042000.0,22.95,23.83,29.35
2021-07-20,180.09,179.75,3.13,3.89,-0.77,37.78,189.53,167.29,178.41,3096156000.0,21.43,26.28,27.15
2021-07-21,179.13,179.59,2.84,3.68,-0.84,42.99,189.64,167.58,178.61,3142536000.0,20.01,25.11,25.94
2021-07-22,179.2,180.36,2.79,3.5,-0.71,60.97,189.95,167.95,178.95,3207844000.0,19.23,29.22,24.36
2021-07-23,180.03,181.18,2.8,3.36,-0.56,65.73,190.17,168.76,179.46,3256570000.0,18.85,30.65,23.2
2021-07-26,181.53,182.45,2.95,3.28,-0.33,74.68,190.25,170.17,180.21,3314572000.0,19.05,33.48,21.57
2021-07-27,182.06,182.07,2.73,3.17,-0.44,48.02,190.01,171.32,180.67,3231934000.0,18.24,29.56,25.33
2021-07-28,182.51,181.89,2.55,3.05,-0.5,49.23,189.67,172.58,181.12,3291922000.0,17.48,27.79,23.82
2021-07-29,182.13,181.26,2.26,2.89,-0.63,40.17,189.0,174.04,181.52,3181522000.0,16.45,26.09,24.58
2021-07-30,178.84,176.3,0.92,2.5,-1.58,13.12,190.32,172.2,181.26,2982210000.0,17.85,19.58,41.7
2021-08-02,175.16,173.06,-0.13,1.97,-2.1,14.15,191.67,169.95,180.81,3049288000.0,19.15,18.86,40.16
2021-08-03,172.56,171.48,-0.81,1.41,-2.22,24.21,192.07,168.0,180.04,3132434000.0,19.89,20.16,36.95
2021-08-04,169.8,170.23,-1.38,0.86,-2.23,23.09,192.13,166.23,179.18,3088756000.0,20.57,19.37,35.5
2021-08-05,167.56,169.75,-1.72,0.34,-2.06,30.51,191.53,165.06,178.29,3137426000.0,21.24,18.5,34.34
2021-08-06,167.73,168.92,-2.1,-0.15,-1.95,25.94,190.93,163.78,177.36,3084674000.0,21.97,17.67,33.94
2021-08-09,167.84,168.31,-2.38,-0.59,-1.79,25.47,190.09,162.74,176.41,3041710000.0,22.66,17.2,33.09
2021-08-10,167.38,167.55,-2.66,-1.01,-1.65,22.02,189.46,161.58,175.52,2993458000.0,23.43,16.44,33.02
2021-08-11,166.76,166.57,-2.96,-1.4,-1.56,17.93,188.68,160.42,174.55,2934514000.0,24.52,15.41,34.83
2021-08-12,166.03,166.1,-3.12,-1.74,-1.38,24.89,188.04,159.42,173.73,2980796000.0,25.61,14.67,34.03
2021-08-13,165.52,165.64,-3.24,-2.04,-1.2,22.86,187.67,158.39,173.03,2939662000.0,26.62,14.29,33.15
2021-08-16,165.09,165.41,-3.28,-2.29,-0.99,26.79,187.3,157.51,172.4,3006056000.0,28.23,12.9,37.78
2021-08-17,164.31,164.3,-3.51,-2.53,-0.97,15.55,186.82,156.33,171.58,2938298000.0,29.72,11.88,34.78
2021-08-18,163.4,162.89,-3.8,-2.79,-1.02,11.31,186.22,155.01,170.62,2882212000.0,31.32,11.18,35.53
2021-08-19,162.24,161.72,-4.05,-3.04,-1.01,10.16,184.92,154.06,169.49,2806554000.0,32.95,10.55,35.49
2021-08-20,161.3,161.15,-4.14,-3.26,-0.88,19.4,183.02,153.67,168.35,2873722000.0,34.52,10.16,34.95
2021-08-23,160.97,161.86,-3.91,-3.39,-0.52,52.44,179.93,154.6,167.26,2939084000.0,34.13,17.49,31.75
2021-08-24,161.61,163.0,-3.52,-3.41,-0.1,63.7,177.37,155.55,166.46,2990120000.0,33.03,20.46,29.94
2021-08-25,162.59,163.66,-3.2,-3.37,0.17,60.73,174.09,157.18,165.63,2956514000.0,31.9,20.27,28.7
2021-08-26,163.87,164.37,-2.85,-3.27,0.42,65.81,170.23,159.62,164.92,2998490000.0,30.62,20.72,27.44
2021-08-27,165.36,165.41,-2.41,-3.09,0.69,74.16,170.37,159.59,164.98,3046538000.0,29.0,22.27,26.12
2021-08-30,166.92,167.3,-1.74,-2.82,1.08,84.37,171.19,159.22,165.2,3110382000.0,27.94,30.79,23.15
2021-08-31,168.57,169.38,-1.01,-2.46,1.45,88.32,172.36,158.58,165.47,3197510000.0,27.34,31.25,21.06
2021-09-01,170.37,170.9,-0.39,-2.05,1.66,88.91,173.55,158.0,165.78,3270108000.0,27.44,35.58,19.67
2021-09-02,171.84,171.65,0.04,-1.63,1.67,79.31,174.32,157.67,165.99,3211634000.0,27.13,33.19,20.74
2021-09-03,173.13,172.4,0.43,-1.22,1.65,81.64,175.33,157.32,166.33,3263148000.0,26.47,31.34,21.81
2021-09-07,174.0,173.42,0.86,-0.8,1.66,85.82,176.59,156.9,166.75,3317906000.0,26.45,34.91,20.46
2021-09-08,174.55,174.37,1.25,-0.39,1.64,87.64,177.93,156.58,167.26,3378974000.0,26.63,34.92,19.21
2021-09-09,174.6,174.32,1.37,-0.04,1.41,62.16,178.75,156.72,167.74,3324590000.0,26.47,31.98,19.44
2021-09-10,174.66,174.03,1.4,0.25,1.15,54.92,179.37,156.93,168.15,3276644000.0,25.95,30.19,20.5
2021-09-13,174.45,173.64,1.35,0.47,0.88,49.2,179.84,157.28,168.56,3225264000.0,24.94,27.97,22.05
2021-09-14,173.86,173.26,1.27,0.63,0.64,45.64,180.21,157.66,168.94,3186526000.0,24.0,26.26,20.74
2021-09-15,173.36,173.44,1.3,0.76,0.54,58.98,180.53,158.52,169.52,3245676000.0,22.39,23.63,22.95
2021-09-16,173.4,173.76,1.35,0.88,0.47,64.27,180.53,159.95,170.24,3297348000.0,21.03,23.16,21.65
2021-09-17,173.34,173.55,1.28,0.96,0.32,48.21,179.99,161.86,170.93,3205016000.0,19.86,22.46,20.43
2021-09-20,172.32,171.63,0.78,0.93,-0.14,20.99,179.04,163.59,171.32,3111634000.0,20.46,18.55,33.13
2021-09-21,171.26,170.15,0.33,0.81,-0.47,19.44,178.58,164.44,171.51,3056016000.0,21.01,17.56,31.36
2021-09-22,170.3,169.77,0.12,0.67,-0.55,36.99,178.29,165.11,171.7,3104244000.0,21.32,17.67,29.64
2021-09-23,169.58,170.11,0.1,0.56,-0.46,50.34,177.83,166.14,171.99,3151832000.0,20.76,21.31,27.95
2021-09-24,169.21,170.5,0.12,0.47,-0.35,53.6,177.39,167.13,172.26,3194156000.0,20.23,20.43,26.75
2021-09-27,169.71,170.43,0.06,0.39,-0.33,45.82,177.14,167.67,172.4,3121466000.0,20.54,18.39,30.33
2021-09-28,169.43,168.89,-0.35,0.24,-0.59,25.09,177.66,166.61,172.14,3032850000.0,21.43,16.06,31.91
2021-09-29,168.64,167.61,-0.73,0.04,-0.77,22.95,177.99,165.43,171.71,2981604000.0,22.26,15.11,30.02
2021-09-30,167.33,166.49,-1.08,-0.18,-0.9,20.57,178.2,164.26,171.23,2924756000.0,23.32,14.2,30.89
2021-10-01,165.91,165.71,-1.35,-0.41,-0.94,20.28,178.33,163.23,170.78,2868044000.0,24.5,13.34,31.07
2021-10-04,163.75,163.64,-1.92,-0.72,-1.2,10.51,178.92,161.2,170.06,2777582000.0,26.37,11.8,36.09
2021-10-05,162.8,162.78,-2.22,-1.02,-1.2,25.49,178.66,160.02,169.34,2842966000.0,28.11,10.9,33.33
2021-10-06,162.41,162.88,-2.26,-1.27,-1.0,41.55,177.81,159.55,168.68,2893626000.0,29.76,10.13,31.39
2021-10-07,162.58,163.63,-2.11,-1.44,-0.68,53.82,177.11,159.34,168.23,2941808000.0,29.72,16.06,29.23
2021-10-08,162.64,163.9,-2.02,-1.55,-0.47,49.39,176.46,159.09,167.77,2901844000.0,29.67,15.46,28.15
2021-10-11,163.2,163.37,-2.1,-1.66,-0.44,37.56,175.92,158.58,167.25,2861160000.0,30.25,14.51,32.08
2021-10-12,163.47,163.04,-2.13,-1.76,-0.38,38.01,175.31,158.18,166.74,2897552000.0,30.8,13.98,31.11
2021-10-13,163.69,163.43,-1.99,-1.8,-0.18,53.2,174.25,158.27,166.26,2945954000.0,30.77,15.79,29.58
2021-10-14,163.66,163.95,-1.79,-1.8,0.01,58.55,172.86,158.72,165.79,2988144000.0,30.14,18.25,28.53
2021-10-15,164.87,166.12,-1.18,-1.68,0.5,79.29,172.25,159.07,165.66,3091742000.0,28.33,27.34,24.84
2021-10-18,166.87,168.19,-0.53,-1.45,0.91,82.97,173.04,158.73,165.88,3155224000.0,27.23,29.81,22.99
2021-10-19,168.84,169.53,-0.03,-1.16,1.13,81.72,173.79,158.48,166.14,3107502000.0,26.29,29.3,22.08
2021-10-20,170.15,169.94,0.24,-0.88,1.13,67.49,174.05,158.4,166.22,3064706000.0,24.99,27.1,23.02
2021-10-21,171.5,170.54,0.54,-0.6,1.13,71.71,174.22,158.32,166.27,3102334000.0,23.79,25.86,21.96
2021-10-22,170.77,169.29,0.36,-0.41,0.77,39.63,173.66,158.43,166.05,3039552000.0,22.79,22.72,27.68
2021-10-25,169.5,168.2,0.16,-0.29,0.46,36.51,173.2,158.47,165.83,2995032000.0,22.36,21.38,30.01
2021-10-26,168.82,168.4,0.23,-0.19,0.41,53.34,173.46,158.51,165.98,3048998000.0,20.77,26.81,26.75
2021-10-27,168.59,168.81,0.34,-0.08,0.42,57.49,173.84,158.58,166.21,3103042000.0,19.62,27.19,24.76
2021-10-28,168.71,169.98,0.64,0.06,0.58,68.89,174.63,158.6,166.61,3217216000.0,19.17,29.02,22.24
2021-10-29,169.08,169.53,0.57,0.16,0.41,47.2,174.81,158.86,166.84,3087494000.0,18.52,24.09,29.5
2021-11-01,169.06,168.32,0.29,0.19,0.1,36.64,174.41,159.91,167.16,3015316000.0,17.9,22.24,27.11
2021-11-02,168.42,167.43,0.05,0.16,-0.11,35.65,174.12,160.65,167.39,2962764000.0,17.44,21.19,26.67
2021-11-03,168.34,168.02,0.15,0.16,-0.01,55.51,174.17,161.21,167.69,3030708000.0,16.37,25.37,24.15
2021-11-04,168.64,169.96,0.59,0.24,0.35,70.41,175.02,161.24,168.13,3137768000.0,16.63,31.77,21.19
2021-11-05,170.11,171.96,1.1,0.42,0.68,75.11,176.17,161.24,168.71,3237708000.0,17.51,35.33,19.48
2021-11-08,171.82,172.79,1.36,0.61,0.76,65.77,176.57,162.06,169.31,3176228000.0,18.43,33.58,17.88
2021-11-09,174.45,174.8,1.91,0.87,1.04,76.43,177.77,162.5,170.13,3262126000.0,19.43,31.79,16.24
2021-11-10,175.43,174.56,1.93,1.08,0.85,53.82,177.94,163.32,170.63,3181578000.0,19.69,28.02,17.51
2021-11-11,175.39,174.25,1.89,1.24,0.65,51.88,178.0,164.12,171.06,3136290000.0,19.94,26.24,16.39
2021-11-12,175.45,174.92,2.05,1.4,0.65,61.47,178.64,164.06,171.35,3190078000.0,19.8,24.19,16.82
2021-11-15,176.02,175.71,2.23,1.57,0.66,64.88,179.33,163.87,171.6,3248672000.0,20.28,27.28,15.84
2021-11-16,175.66,176.15,2.33,1.72,0.61,63.19,179.92,163.75,171.84,3204330000.0,20.71,26.06,15.19
2021-11-17,176.33,176.58,2.41,1.86,0.55,65.09,180.6,163.75,172.17,3255536000.0,21.24,25.94,14.55
2021-11-18,178.57,179.32,3.04,2.09,0.94,83.72,182.88,162.77,172.83,3369606000.0,22.85,32.38,12.66
2021-11-19,180.08,180.83,3.41,2.36,1.05,76.92,184.41,162.95,173.68,3270872000.0,24.77,34.9,11.74
2021-11-22,180.35,180.09,3.25,2.54,0.72,49.89,184.64,163.98,174.31,3174028000.0,24.69,30.83,19.01
2021-11-23,180.74,179.73,3.12,2.65,0.47,51.42,185.02,164.62,174.82,3247832000.0,24.05,28.54,20.77
2021-11-24,181.06,179.49,2.98,2.72,0.26,51.51,185.35,165.23,175.29,3294392000.0,23.46,26.78,19.48
2021-11-26,179.14,178.07,2.54,2.68,-0.14,34.71,185.4,165.46,175.43,3234566000.0,22.43,24.08,20.07
2021-11-29,177.99,178.07,2.39,2.63,-0.23,50.03,185.43,166.39,175.91,3299878000.0,21.48,22.36,18.64
2021-11-30,177.34,177.17,2.03,2.51,-0.48,39.07,184.73,168.03,176.38,3219856000.0,20.01,20.73,20.35
2021-12-01,175.97,175.51,1.47,2.3,-0.83,29.64,183.76,169.65,176.71,3144940000.0,19.19,18.86,22.36
2021-12-02,174.54,174.29,0.99,2.04,-1.05,28.77,183.41,170.27,176.84,3080214000.0,18.65,17.85,22.55
2021-12-03,173.4,172.69,0.41,1.71,-1.3,22.57,183.83,169.41,176.62,2999502000.0,19.09,16.09,26.74
2021-12-06,172.05,172.25,0.11,1.39,-1.29,36.16,183.96,168.83,176.39,3068362000.0,19.44,14.79,24.09
2021-12-07,172.22,173.56,0.25,1.16,-0.92,59.08,183.99,168.97,176.48,3134772000.0,18.58,18.95,21.97
2021-12-08,173.01,174.42,0.35,1.0,-0.65,59.04,183.78,168.91,176.35,3089518000.0,17.78,18.27,21.17
2021-12-09,173.47,174.34,0.27,0.85,-0.58,47.91,183.78,168.92,176.35,3043456000.0,17.19,17.47,21.19
2021-12-10,174.01,173.63,0.05,0.69,-0.64,38.88,183.84,168.72,176.28,2982766000.0,17.52,16.03,24.97
2021-12-13,173.65,172.28,-0.33,0.49,-0.82,29.5,184.05,167.84,175.94,2920596000.0,18.12,15.26,25.9
2021-12-14,172.24,171.21,-0.67,0.26,-0.93,27.98,184.14,166.93,175.54,2864620000.0,19.19,14.5,28.9
2021-12-15,171.67,171.91,-0.59,0.09,-0.67,54.16,183.98,166.72,175.35,2940414000.0,18.86,18.82,25.26
2021-12-16,170.61,170.9,-0.87,-0.1,-0.77,36.64,183.93,165.91,174.92,2879538000.0,18.39,17.99,23.03
2021-12-17,170.17,170.61,-0.99,-0.28,-0.71,42.63,182.2,166.16,174.18,2965080000.0,18.52,16.6,24.97
2021-12-20,169.67,169.43,-1.31,-0.49,-0.82,32.72,180.62,166.06,173.34,2907708000.0,18.64,15.52,23.37
2021-12-21,169.94,169.76,-1.28,-0.64,-0.63,49.41,179.89,165.97,172.93,2963664000.0,17.85,18.54,21.63
2021-12-22,169.48,170.19,-1.19,-0.75,-0.43,52.17,178.95,166.12,172.53,3018700000.0,16.74,19.55,20.48
2021-12-23,169.92,170.48,-1.1,-0.82,-0.28,52.33,177.84,166.43,172.14,3055488000.0,15.71,18.99,19.89
2021-12-27,169.85,170.21,-1.13,-0.88,-0.25,43.93,177.48,166.24,171.86,2996800000.0,14.72,19.4,18.72
2021-12-28,170.57,170.36,-1.07,-0.92,-0.15,50.91,176.34,166.64,171.49,3051438000.0,13.77,18.45,17.92
2021-12-29,170.33,169.97,-1.12,-0.96,-0.16,41.42,175.79,166.57,171.18,3015684000.0,12.87,17.64,18.03
2021-12-30,169.85,169.53,-1.19,-1.01,-0.18,38.04,175.71,166.29,171.0,2978100000.0,12.05,16.92,17.43
2021-12-31,168.98,168.59,-1.39,-1.08,-0.3,28.11,175.79,165.7,170.75,2930270000.0,11.98,16.08,20.05
2022-01-03,169.13,169.2,-1.23,-1.11,-0.12,55.74,175.81,165.78,170.79,2993790000.0,11.38,17.18,18.45
2022-01-04,168.5,168.64,-1.32,-1.15,-0.17,40.52,175.8,165.4,170.6,2923064000.0,10.57,16.88,16.84
2022-01-05,167.53,167.21,-1.64,-1.25,-0.38,29.48,175.23,164.79,170.01,2858762000.0,10.52,15.94,19.4
2022-01-06,166.45,165.89,-1.95,-1.39,-0.56,26.35,174.58,164.15,169.36,2806804000.0,11.2,15.13,22.74
2022-01-07,165.62,164.78,-2.23,-1.56,-0.67,24.3,174.3,163.26,168.78,2760198000.0,11.65,15.05,21.41
2022-01-10,163.83,163.68,-2.51,-1.75,-0.76,21.17,174.38,162.11,168.25,2672400000.0,13.45,13.41,29.06
2022-01-11,163.4,164.24,-2.39,-1.88,-0.51,50.27,174.26,161.81,168.04,2735206000.0,13.44,20.08,26.28
2022-01-12,163.57,164.56,-2.28,-1.96,-0.32,49.36,174.17,161.52,167.84,2685176000.0,13.27,20.14,25.15
2022-01-13,163.16,163.45,-2.48,-2.06,-0.42,31.17,173.67,160.81,167.24,2632988000.0,13.89,18.37,28.64
2022-01-14,163.08,163.01,-2.55,-2.16,-0.39,37.8,173.65,160.15,166.9,2678962000.0,14.72,17.57,29.69
2022-01-18,162.57,161.65,-2.82,-2.29,-0.53,26.63,173.77,158.92,166.35,2611670000.0,15.93,16.19,31.1
2022-01-19,160.76,159.86,-3.21,-2.48,-0.74,20.48,174.41,157.2,165.81,2558428000.0,17.3,15.32,31.97
2022-01-20,158.05,157.13,-3.85,-2.75,-1.1,13.55,175.18,154.56,164.87,2486454000.0,19.35,13.58,36.7
2022-01-21,154.33,152.3,-5.03,-3.21,-1.82,7.43,177.21,149.69,163.45,2322482000.0,22.23,11.54,45.71
2022-01-24,150.81,149.72,-5.74,-3.71,-2.03,17.27,177.69,146.56,162.12,2478106000.0,25.38,9.94,49.09
2022-01-25,147.03,146.47,-6.6,-4.29,-2.31,13.1,178.53,142.75,160.64,2387282000.0,28.31,9.03,44.63
2022-01-26,143.54,143.94,-7.29,-4.89,-2.4,12.2,178.66,139.44,159.05,2291680000.0,30.51,10.23,39.84
2022-01-27,141.14,142.51,-7.68,-5.45,-2.23,17.09,178.32,136.82,157.57,2369196000.0,32.55,9.48,36.93
2022-01-28,141.4,143.0,-7.55,-5.87,-1.68,40.57,177.24,135.43,156.34,2443588000.0,34.58,8.7,35.82
2022-01-31,142.41,145.19,-6.92,-6.08,-0.84,59.19,176.01,134.95,155.48,2521896000.0,34.49,16.41,32.79
2022-02-01,144.65,147.19,-6.22,-6.11,-0.11,63.35,173.94,135.1,154.52,2581116000.0,34.04,17.33,30.98
2022-02-02,147.0,148.33,-5.65,-6.02,0.37,60.58,172.21,135.14,153.67,2493786000.0,32.78,20.39,28.41
2022-02-03,146.84,145.17,-6.07,-6.03,-0.04,28.77,171.32,133.48,152.4,2268254000.0,33.03,17.33,37.01
2022-02-04,149.57,149.33,-4.83,-5.79,0.96,65.23,170.55,133.69,152.12,2521710000.0,30.91,30.62,28.6
2022-02-07,151.25,152.2,-3.79,-5.39,1.6,65.57,169.9,133.87,151.89,2624334000.0,29.14,30.44,26.99
2022-02-08,153.29,155.27,-2.64,-4.84,2.19,69.97,169.89,133.88,151.88,2700374000.0,27.24,28.46,27.01
2022-02-09,155.4,157.24,-1.74,-4.22,2.48,69.26,169.14,134.21,151.68,2631588000.0,25.76,29.57,25.97
2022-02-10,159.44,157.83,-1.18,-3.61,2.43,61.61,168.06,134.67,151.37,2563320000.0,24.0,28.43,27.76
2022-02-11,158.57,156.32,-1.19,-3.13,1.94,45.27,167.08,134.86,150.97,2486220000.0,22.9,26.44,31.42
2022-02-14,158.01,155.93,-1.03,-2.71,1.68,50.64,166.03,135.21,150.62,2569450000.0,22.03,24.44,30.25
2022-02-15,157.03,156.13,-0.79,-2.32,1.53,54.63,165.69,135.31,150.5,2625890000.0,21.21,23.49,29.08
2022-02-16,156.41,156.78,-0.46,-1.95,1.49,59.47,165.93,135.25,150.59,2678594000.0,20.3,23.33,27.67
2022-02-17,155.54,156.07,-0.48,-1.66,1.18,46.12,166.18,135.3,150.74,2614562000.0,19.18,23.51,25.75
2022-02-18,155.41,154.92,-0.65,-1.46,0.81,39.53,166.24,136.24,151.24,2550958000.0,18.72,22.21,28.67
2022-02-22,154.41,153.34,-0.96,-1.36,0.39,32.68,166.22,136.82,151.52,2484830000.0,18.65,20.98,30.04
2022-02-23,152.08,150.5,-1.63,-1.41,-0.22,22.02,165.84,137.69,151.76,2420586000.0,19.11,19.19,32.08
2022-02-24,150.73,150.79,-1.61,-1.45,-0.16,47.86,165.17,139.61,152.39,2521372000.0,20.16,16.55,33.45
2022-02-25,150.55,151.79,-1.39,-1.44,0.05,54.83,164.46,141.73,153.09,2583768000.0,20.64,18.21,31.63
2022-02-28,150.75,152.38,-1.21,-1.39,0.18,53.99,164.14,143.0,153.57,2526084000.0,20.99,17.98,30.29
2022-03-01,150.94,151.97,-1.25,-1.37,0.11,44.82,164.12,143.18,153.65,2481210000.0,21.43,17.09,29.84
2022-03-02,152.38,152.0,-1.2,-1.33,0.13,48.9,164.13,143.26,153.69,2528544000.0,22.01,16.19,29.79
2022-03-03,151.69,150.63,-1.48,-1.36,-0.11,34.39,164.22,142.9,153.56,2463346000.0,22.81,14.81,29.53
2022-03-04,150.06,148.97,-1.85,-1.46,-0.39,28.62,162.98,144.82,153.9,2402412000.0,23.95,14.06,31.81
2022-03-07,146.84,145.13,-2.78,-1.72,-1.06,16.26,164.28,141.5,152.89,2315478000.0,25.69,12.6,36.14
2022-03-08,143.81,142.09,-3.59,-2.1,-1.5,14.85,165.09,138.5,151.79,2223816000.0,27.64,11.54,37.64
2022-03-09,141.26,141.15,-3.93,-2.46,-1.46,31.65,164.28,137.1,150.69,2306472000.0,29.46,10.95,35.72
2022-03-10,141.04,143.04,-3.54,-2.68,-0.86,56.45,162.76,137.18,149.97,2441534000.0,29.07,19.5,31.84
2022-03-11,141.02,143.87,-3.31,-2.81,-0.5,52.38,161.51,137.07,149.29,2372634000.0,28.5,19.69,30.22
2022-03-14,141.9,143.2,-3.37,-2.92,-0.45,41.69,161.21,136.24,148.72,2298548000.0,28.55,18.17,33.16
2022-03-15,144.17,144.59,-2.95,-2.92,-0.02,57.84,160.47,136.19,148.33,2374132000.0,28.47,17.49,30.77
2022-03-16,146.93,147.43,-2.13,-2.77,0.64,69.0,159.93,136.4,148.16,2459090000.0,27.32,22.38,28.67
2022-03-17,149.02,150.7,-1.13,-2.44,1.31,74.97,159.74,136.49,148.12,2532024000.0,25.47,26.12,26.84
2022-03-18,152.16,154.21,-0.01,-1.95,1.94,79.71,161.12,135.77,148.45,2634986000.0,24.2,29.27,25.06
2022-03-21,156.09,156.64,0.88,-1.38,2.27,79.99,162.69,135.09,148.89,2701524000.0,23.25,29.83,23.97
2022-03-22,159.59,159.39,1.85,-0.74,2.58,83.96,165.09,134.16,149.63,2765610000.0,22.82,31.94,22.57
2022-03-23,161.66,160.73,2.46,-0.1,2.56,75.78,166.96,134.15,150.56,2709798000.0,22.44,30.69,21.51
2022-03-24,162.94,161.7,2.93,0.51,2.42,76.25,168.54,133.8,151.17,2766596000.0,21.55,29.06,23.81
2022-03-25,163.64,162.73,3.36,1.08,2.28,78.67,170.05,133.39,151.72,2815628000.0,20.93,29.52,22.81
2022-03-28,165.14,164.81,3.99,1.66,2.33,85.56,172.31,132.68,152.49,2875482000.0,20.92,32.81,21.48
2022-03-29,166.03,166.31,4.47,2.22,2.24,85.99,174.51,132.29,153.4,2941636000.0,21.18,33.97,20.58
2022-03-30,166.61,166.31,4.55,2.69,1.86,63.7,175.94,132.28,154.11,2885468000.0,20.87,32.11,22.85
2022-03-31,166.48,165.21,4.3,3.01,1.29,47.01,176.83,132.91,154.87,2825502000.0,20.03,30.45,25.4
2022-04-01,166.23,164.66,4.09,3.23,0.87,49.81,177.61,133.92,155.76,2882592000.0,19.11,28.85,25.01
2022-04-04,166.1,165.89,4.27,3.43,0.84,67.87,178.1,136.52,157.31,2932474000.0,18.72,30.44,23.09
2022-04-05,165.05,165.28,4.02,3.55,0.47,48.37,177.23,140.2,158.71,2878746000.0,18.37,28.15,21.35
2022-04-06,163.54,163.1,3.35,3.51,-0.16,33.51,175.92,143.45,159.68,2799690000.0,17.39,25.4,27.9
2022-04-07,162.5,161.33,2.72,3.35,-0.64,31.3,175.4,145.07,160.23,2731554000.0,16.99,23.39,29.6
2022-04-08,160.68,159.04,1.92,3.07,-1.15,24.43,174.55,146.81,160.68,2685552000.0,16.66,22.18,28.48
2022-04-11,157.24,156.4,1.01,2.65,-1.65,19.15,172.93,149.35,161.14,2633440000.0,17.0,20.89,32.28
2022-04-12,154.58,154.53,0.26,2.18,-1.92,18.65,172.38,150.25,161.31,2578262000.0,17.08,20.86,30.03
2022-04-13,153.94,154.87,0.04,1.75,-1.71,44.58,172.18,150.69,161.44,2631652000.0,16.91,20.26,27.24
2022-04-14,152.72,153.81,-0.43,1.31,-1.74,33.74,172.59,149.73,161.16,2580054000.0,16.75,18.95,25.49
2022-04-18,152.39,153.47,-0.71,0.91,-1.62,38.96,172.73,148.74,160.74,2626568000.0,16.86,17.89,25.87
2022-04-19,153.79,155.02,-0.5,0.63,-1.12,58.94,172.61,148.52,160.57,2681494000.0,15.74,22.67,23.24
2022-04-20,154.43,154.68,-0.65,0.37,-1.02,44.79,172.22,147.83,160.02,2621864000.0,14.7,21.2,21.73
2022-04-21,152.98,152.55,-1.22,0.05,-1.27,31.63,172.37,146.16,159.27,2557894000.0,15.0,18.56,27.2
2022-04-22,151.51,149.82,-1.97,-0.35,-1.62,25.22,172.75,143.86,158.3,2484816000.0,15.92,17.08,30.28
2022-04-25,150.17,148.57,-2.39,-0.76,-1.63,32.67,172.42,142.31,157.37,2546690000.0,16.98,16.16,30.56
2022-04-26,146.42,145.51,-3.23,-1.25,-1.98,22.04,171.87,139.9,155.89,2469160000.0,18.45,14.62,32.15
2022-04-27,143.26,143.06,-3.95,-1.79,-2.16,20.51,170.84,137.82,154.33,2397824000.0,20.2,13.43,33.69
2022-04-28,142.52,143.57,-3.95,-2.22,-1.73,45.38,169.31,137.18,153.24,2515140000.0,20.73,17.2,30.34
2022-04-29,138.5,137.14,-5.53,-2.89,-2.65,20.3,171.1,131.51,151.31,2242478000.0,23.04,13.06,42.61
2022-05-02,134.19,132.93,-6.69,-3.65,-3.04,20.89,171.5,127.21,149.36,2391266000.0,25.4,12.19,43.21
2022-05-03,131.16,130.04,-7.54,-4.43,-3.11,20.67,170.06,124.24,147.15,2312132000.0,27.24,13.44,41.61
2022-05-04,128.71,128.67,-7.99,-5.14,-2.85,27.05,168.55,121.94,145.24,2422878000.0,29.2,12.44,42.48
2022-05-05,123.07,124.58,-9.0,-5.91,-3.09,17.21,168.72,117.53,143.13,2278486000.0,31.28,11.03,41.96
2022-05-06,121.17,121.31,-9.83,-6.69,-3.13,15.97,168.44,113.51,140.98,2154226000.0,33.34,10.34,41.42
2022-05-09,118.03,117.14,-10.84,-7.52,-3.32,11.99,168.77,108.62,138.69,2026102000.0,35.53,9.6,43.84
2022-05-10,114.95,114.38,-11.5,-8.32,-3.19,12.31,168.73,104.43,136.58,2131536000.0,37.61,9.04,42.12
2022-05-11,110.84,111.38,-12.17,-9.09,-3.08,10.05,168.48,100.14,134.31,2021832000.0,39.69,8.48,42.48
2022-05-12,108.94,109.89,-12.43,-9.76,-2.67,18.44,166.57,97.19,131.88,2153858000.0,41.72,7.73,40.86
2022-05-13,108.6,110.95,-12.0,-10.21,-1.8,44.07,164.31,95.58,129.95,2247542000.0,42.97,9.77,38.14
2022-05-16,109.01,110.9,-11.71,-10.51,-1.2,38.52,161.5,94.2,127.85,2172976000.0,43.92,10.27,36.62
2022-05-17,110.31,112.39,-10.99,-10.6,-0.38,53.41,156.72,94.7,125.71,2249424000.0,44.31,11.72,34.58
2022-05-18,110.66,110.63,-10.95,-10.67,-0.28,34.5,152.5,94.23,123.37,2141044000.0,45.09,10.56,36.61
2022-05-19,110.73,109.53,-10.78,-10.7,-0.09,35.21,148.87,93.76,121.32,2229186000.0,45.82,10.11,35.1
2022-05-20,109.64,108.88,-10.51,-10.66,0.15,36.36,145.51,93.45,119.48,2328686000.0,46.59,9.54,34.49
2022-05-23,108.99,108.44,-10.17,-10.56,0.39,36.26,141.0,94.11,117.55,2220888000.0,47.4,9.01,33.78
2022-05-24,106.74,106.99,-10.07,-10.46,0.39,26.85,137.65,93.93,115.79,2117954000.0,48.36,8.35,34.43
2022-05-25,106.67,106.92,-9.66,-10.3,0.64,41.53,133.82,94.62,114.22,2211074000.0,48.41,11.17,32.59
2022-05-26,107.42,108.31,-8.89,-10.02,1.13,58.34,126.34,98.75,112.54,2304076000.0,47.22,15.69,30.33
2022-05-27,108.93,110.59,-7.86,-9.59,1.73,68.91,124.86,99.31,112.09,2397736000.0,45.51,17.95,28.83
2022-05-31,111.46,113.79,-6.56,-8.98,2.42,77.71,123.93,99.81,111.87,2542370000.0,42.52,24.61,26.47
2022-06-01,114.98,116.42,-5.34,-8.25,2.91,79.79,123.32,100.17,111.74,2669898000.0,39.77,26.98,24.88
2022-06-02,118.73,119.45,-4.03,-7.41,3.38,84.49,123.2,100.25,111.72,2770458000.0,37.11,25.16,23.9
2022-06-03,120.98,120.42,-3.2,-6.57,3.36,68.13,124.25,99.79,112.02,2672854000.0,34.64,23.77,22.59
2022-06-06,122.91,121.88,-2.33,-5.72,3.39,73.15,125.92,99.12,112.52,2808123000.0,33.16,27.45,20.76
2022-06-07,123.47,122.25,-1.75,-4.93,3.17,63.92,127.26,99.2,113.23,2722966300.0,31.13,26.03,23.64
2022-06-08,123.37,121.89,-1.43,-4.23,2.79,55.09,128.13,99.56,113.85,2658039700.0,29.25,25.02,22.73
2022-06-09,121.49,119.98,-1.57,-3.69,2.13,37.29,128.16,100.62,114.39,2591009900.0,27.71,23.33,27.23
2022-06-10,118.95,116.54,-2.17,-3.39,1.22,24.5,128.05,101.0,114.52,2503743900.0,27.36,21.23,33.73
2022-06-13,114.73,112.25,-3.1,-3.33,0.24,17.57,128.38,99.73,114.05,2404466200.0,27.87,19.18,39.37
2022-06-14,110.59,108.93,-3.89,-3.44,-0.45,16.27,128.79,98.46,113.63,2334737400.0,28.38,18.34,38.19
2022-06-15,107.89,108.51,-4.05,-3.56,-0.48,38.73,128.6,97.89,113.24,2419748500.0,27.98,22.03,34.95
2022-06-16,105.39,106.9,-4.44,-3.74,-0.7,30.96,128.77,97.37,113.07,2337562200.0,27.79,20.47,34.38
2022-06-17,104.71,106.67,-4.5,-3.89,-0.6,40.49,128.8,97.23,113.02,2437334300.0,27.12,22.36,32.42
2022-06-21,105.71,107.34,-4.29,-3.97,-0.32,48.95,128.79,97.35,113.07,2508235500.0,25.61,25.88,29.18
2022-06-22,107.04,107.88,-4.06,-3.99,-0.07,49.92,128.77,97.5,113.14,2568275600.0,24.12,24.85,27.33
2022-06-23,107.99,109.4,-3.55,-3.9,0.35,61.75,128.64,98.47,113.56,2632620900.0,22.57,24.36,25.58
2022-06-24,110.55,111.75,-2.8,-3.68,0.88,71.45,128.84,99.24,114.04,2702488500.0,21.45,27.42,23.88
2022-06-27,111.95,112.24,-2.43,-3.43,1.0,56.91,128.89,99.4,114.15,2640355300.0,20.63,27.2,22.28
2022-06-28,111.69,110.63,-2.58,-3.26,0.68,39.06,128.78,98.74,113.76,2565412400.0,19.51,24.57,27.12
2022-06-29,111.69,110.06,-2.55,-3.12,0.57,44.72,128.06,98.34,113.2,2631787700.0,18.49,23.31,25.89
2022-06-30,110.44,108.78,-2.71,-3.04,0.33,37.05,127.04,97.8,112.42,2534108300.0,18.27,21.44,29.3
2022-07-01,109.06,109.04,-2.53,-2.93,0.4,50.24,124.99,98.26,111.62,2607129500.0,17.74,22.38,27.84
2022-07-05,109.12,110.52,-2.06,-2.76,0.7,61.95,123.65,98.71,111.18,2683713200.0,16.54,25.61,25.15
2022-07-06,110.5,111.79,-1.59,-2.53,0.93,64.18,121.58,99.73,110.66,2750672100.0,15.68,26.26,24.04
2022-07-07,111.99,113.31,-1.05,-2.23,1.18,69.53,120.07,100.58,110.33,2808544400.0,15.14,27.04,22.93
2022-07-08,113.85,114.05,-0.68,-1.92,1.24,64.75,118.79,101.3,110.04,2762824700.0,14.65,25.98,22.03
2022-07-11,114.29,113.28,-0.68,-1.67,0.99,45.85,118.15,101.49,109.82,2709337100.0,13.63,24.31,24.48
2022-07-12,113.43,111.93,-0.88,-1.51,0.64,36.86,118.13,101.47,109.8,2655056800.0,13.19,22.68,26.32
2022-07-13,112.65,111.42,-0.92,-1.39,0.47,43.34,117.98,102.29,110.14,2716410600.0,13.21,20.89,27.43
2022-07-14,111.51,111.16,-0.93,-1.3,0.37,44.72,117.53,103.58,110.55,2767573700.0,13.24,19.84,26.05
2022-07-15,111.11,111.95,-0.7,-1.18,0.48,60.13,117.81,103.89,110.85,2851891500.0,12.35,24.64,24.24
2022-07-18,111.51,112.56,-0.49,-1.04,0.55,61.11,117.58,105.13,111.35,2911006900.0,11.87,25.55,22.83
2022-07-19,113.31,114.44,0.04,-0.83,0.86,76.4,118.39,105.52,111.95,2971996900.0,11.77,26.09,21.15
2022-07-20,115.78,117.22,0.81,-0.5,1.31,84.3,120.45,104.87,112.66,3043265200.0,12.49,30.55,19.58
2022-07-21,118.58,119.69,1.56,-0.09,1.64,86.59,122.62,104.27,113.44,3103505100.0,13.38,30.94,18.56
2022-07-22,120.36,120.6,1.95,0.32,1.63,71.17,123.9,103.99,113.94,3052041300.0,14.32,30.02,17.44
2022-07-25,121.83,120.78,2.13,0.68,1.45,63.05,124.57,103.78,114.17,3001820000.0,14.81,28.41,18.47
2022-07-26,121.15,118.79,1.74,0.89,0.85,36.96,124.64,103.87,114.25,2934744900.0,13.9,25.69,24.66
2022-07-27,120.79,119.52,1.91,1.1,0.81,58.07,125.21,104.65,114.93,2996326900.0,13.78,28.4,22.21
2022-07-28,120.32,120.44,2.12,1.3,0.82,61.49,125.97,105.24,115.6,3078572400.0,13.84,27.82,20.72
2022-07-29,122.83,125.28,3.28,1.7,1.58,80.63,129.54,104.53,117.04,3227465300.0,15.83,40.79,16.79
2022-08-01,125.68,128.65,4.18,2.19,1.99,81.04,132.68,103.98,118.33,3304312200.0,17.79,39.57,15.69
2022-08-02,129.55,130.48,4.74,2.7,2.04,75.47,135.08,103.64,119.36,3242389800.0,19.6,37.87,15.02
2022-08-03,133.26,133.5,5.56,3.27,2.28,82.15,138.43,102.82,120.62,3314217600.0,21.59,38.7,13.81
2022-08-04,137.32,136.52,6.37,3.89,2.48,85.05,142.0,101.86,121.93,3384802600.0,23.71,40.64,13.09
2022-08-05,138.49,137.95,6.8,4.47,2.32,76.09,144.63,101.76,123.2,3334115700.0,25.68,38.88,12.52
2022-08-08,139.29,138.43,6.95,4.97,1.98,68.96,146.44,102.71,124.58,3281886700.0,27.63,37.64,11.54
2022-08-09,140.03,138.23,6.85,5.35,1.51,60.86,147.41,104.61,126.01,3241452000.0,28.83,36.0,13.87
2022-08-10,140.66,139.72,7.09,5.7,1.4,73.04,148.94,106.31,127.62,3296225800.0,30.51,40.28,12.62
2022-08-11,140.27,140.03,7.03,5.96,1.07,62.74,149.65,108.6,129.13,3251358500.0,31.71,37.72,13.5
2022-08-12,140.82,141.2,7.14,6.2,0.94,70.2,150.76,110.49,130.63,3299002000.0,32.82,35.93,12.85
2022-08-15,141.58,141.86,7.11,6.38,0.73,68.03,151.37,112.82,132.1,3259987400.0,33.88,35.03,12.43
2022-08-16,142.97,142.83,7.14,6.53,0.61,72.6,152.35,114.5,133.42,3319090300.0,35.17,36.78,11.61
2022-08-17,142.85,142.59,6.86,6.6,0.26,55.89,153.01,115.77,134.39,3270940500.0,35.96,34.62,12.72
2022-08-18,143.18,142.49,6.59,6.6,-0.01,56.82,153.63,116.92,135.27,3308399200.0,36.56,33.36,12.87
2022-08-19,142.12,141.07,5.97,6.47,-0.5,37.02,153.48,118.65,136.07,3260606400.0,36.29,31.13,15.78
2022-08-22,140.13,138.45,5.02,6.18,-1.16,24.1,152.76,120.58,136.67,3210144900.0,34.61,28.6,22.14
2022-08-23,137.89,136.84,4.25,5.79,-1.55,26.66,150.32,124.9,137.61,3246397000.0,33.04,27.68,21.43
2022-08-24,136.23,135.83,3.61,5.36,-1.75,28.02,148.62,127.88,138.25,3285024000.0,31.36,26.18,21.63
2022-08-25,135.23,136.31,3.34,4.95,-1.61,50.32,146.38,131.63,139.0,3322520300.0,30.23,27.81,20.36
2022-08-26,133.73,134.46,2.58,4.48,-1.9,29.14,146.83,130.76,138.79,3269197600.0,28.18,24.65,23.91
2022-08-29,133.05,132.9,1.87,3.96,-2.08,27.05,147.35,129.67,138.51,3221096000.0,26.46,23.4,25.45
2022-08-30,132.07,131.51,1.22,3.41,-2.19,24.61,147.89,128.59,138.24,3171893000.0,25.3,21.49,26.38
2022-08-31,130.66,129.93,0.53,2.83,-2.3,20.37,148.44,126.76,137.6,3118244300.0,24.25,20.17,24.94
2022-09-01,128.77,129.23,0.07,2.28,-2.21,28.61,148.25,125.48,136.86,3174880400.0,23.94,18.78,28.11
2022-09-02,128.12,128.65,-0.32,1.76,-2.08,27.56,148.12,124.28,136.2,3117450600.0,22.71,22.6,25.9
2022-09-06,127.39,127.81,-0.73,1.26,-1.99,22.82,148.13,122.94,135.53,3073562000.0,21.94,21.2,26.92
2022-09-07,127.54,128.36,-0.77,0.86,-1.63,49.14,147.94,122.3,135.12,3121462300.0,20.9,21.62,25.03
2022-09-08,128.15,128.85,-0.77,0.53,-1.3,51.24,147.0,121.95,134.47,3165450800.0,19.8,21.25,23.73
2022-09-09,129.24,130.32,-0.49,0.33,-0.81,67.98,146.31,121.9,134.11,3214838400.0,18.87,25.5,22.22
2022-09-12,131.03,132.37,-0.0,0.26,-0.26,77.06,145.23,122.27,133.75,3268665300.0,18.64,28.81,21.02
2022-09-13,131.17,130.52,-0.39,0.13,-0.52,37.17,143.93,121.94,132.93,3195971300.0,18.0,24.35,29.54
2022-09-14,130.98,129.86,-0.56,-0.01,-0.55,43.71,141.82,122.43,132.12,3241288100.0,17.4,23.38,28.37
2022-09-15,130.27,128.67,-0.86,-0.18,-0.68,37.34,140.18,122.48,131.33,3188400900.0,16.47,24.0,26.2
2022-09-16,128.33,126.96,-1.31,-0.4,-0.9,30.58,138.33,122.46,130.39,3072733100.0,16.56,21.93,31.35
2022-09-19,125.97,126.19,-1.55,-0.63,-0.92,36.48,137.16,122.27,129.71,3120012800.0,16.42,22.25,29.91
2022-09-20,125.04,124.86,-1.92,-0.89,-1.03,29.61,137.1,121.22,129.16,3072314400.0,16.43,20.99,29.27
2022-09-21,123.04,122.75,-2.48,-1.21,-1.27,21.96,137.32,119.5,128.41,3013815500.0,16.94,19.22,31.08
2022-09-22,121.25,120.94,-2.99,-1.57,-1.43,19.8,137.35,117.81,127.58,2958586300.0,17.79,18.42,33.38
2022-09-23,119.3,118.55,-3.64,-1.98,-1.66,14.65,136.86,115.96,126.41,2893459600.0,19.22,16.86,37.33
2022-09-26,117.39,117.42,-3.99,-2.38,-1.61,24.22,136.96,114.3,125.63,2956182900.0,20.15,17.8,34.78
2022-09-27,115.84,116.42,-4.28,-2.76,-1.52,22.51,137.01,112.71,124.86,2896088200.0,20.72,17.87,31.85
2022-09-28,115.73,116.95,-4.18,-3.05,-1.13,45.74,136.69,111.96,124.32,2951852000.0,21.13,17.08,29.38
2022-09-29,115.23,116.23,-4.3,-3.3,-1.0,34.29,136.7,110.75,123.72,2892882300.0,21.65,15.75,28.25
2022-09-30,115.07,115.15,-4.49,-3.54,-0.96,29.17,136.62,109.35,122.98,2833402700.0,21.84,16.08,26.42
2022-10-03,115.22,115.4,-4.36,-3.7,-0.66,45.46,136.21,108.6,122.4,2884344600.0,22.1,14.94,25.17
2022-10-04,116.56,117.29,-3.8,-3.72,-0.08,64.12,135.86,108.44,122.15,2947157200.0,20.55,22.6,22.44
2022-10-05,117.14,118.51,-3.32,-3.64,0.32,63.39,135.02,108.43,121.72,2898939700.0,19.57,21.19,24.27
2022-10-06,118.24,119.11,-2.96,-3.5,0.54,59.47,134.02,108.48,121.25,2856685900.0,18.65,20.5,23.48
2022-10-07,118.56,117.59,-3.1,-3.42,0.32,35.34,132.13,108.5,120.31,2802007900.0,19.01,18.45,29.87
2022-10-10,118.11,116.28,-3.25,-3.39,0.14,32.76,128.72,109.62,119.17,2759668200.0,19.6,17.35,30.36
2022-10-11,116.34,114.93,-3.44,-3.4,-0.04,28.5,127.78,109.11,118.44,2703236000.0,20.5,15.97,31.13
2022-10-12,114.73,114.25,-3.5,-3.42,-0.08,33.6,126.05,109.27,117.66,2748964700.0,21.33,15.34,29.91
2022-10-13,113.17,113.68,-3.54,-3.44,-0.09,32.07,124.65,109.3,116.97,2662096600.0,23.02,13.45,35.44
2022-10-14,111.64,111.42,-3.97,-3.55,-0.42,17.17,124.38,107.91,116.14,2594359300.0,24.09,14.02,31.17
2022-10-17,111.67,112.21,-3.72,-3.58,-0.14,51.58,122.89,108.3,115.6,2657141300.0,25.08,12.59,27.99
2022-10-18,112.5,113.59,-3.28,-3.52,0.25,59.44,121.96,108.65,115.31,2722748700.0,24.37,18.97,25.77
2022-10-19,112.93,114.09,-2.99,-3.42,0.42,53.95,121.62,108.65,115.13,2675550600.0,24.02,18.07,26.77
2022-10-20,113.47,114.47,-2.72,-3.28,0.56,54.68,121.44,108.62,115.03,2724345700.0,23.23,19.2,24.96
2022-10-21,115.96,116.09,-2.15,-3.05,0.9,68.71,121.95,108.66,115.31,2780006200.0,22.15,19.73,23.15
2022-10-24,117.16,117.33,-1.64,-2.77,1.13,70.13,122.47,108.61,115.54,2829537700.0,20.92,19.8,21.87
2022-10-25,118.01,118.42,-1.16,-2.45,1.29,72.56,123.1,108.6,115.85,2880472300.0,19.53,20.49,21.09
2022-10-26,118.13,117.5,-1.17,-2.19,1.02,44.15,122.91,108.56,115.73,2811670000.0,19.23,18.72,25.47
2022-10-27,117.27,115.32,-1.53,-2.06,0.53,30.12,123.01,108.07,115.54,2682064600.0,19.87,17.11,30.56
2022-10-28,114.09,111.35,-2.41,-2.13,-0.28,18.39,124.17,105.95,115.06,2458931200.0,21.92,14.16,41.0
2022-10-31,110.61,108.38,-3.14,-2.33,-0.81,17.31,125.01,103.76,114.39,2359679800.0,23.59,14.59,38.76
2022-11-01,105.85,104.52,-4.13,-2.69,-1.44,12.11,125.82,100.53,113.17,2206309800.0,25.58,13.01,40.51
2022-11-02,101.14,100.38,-5.23,-3.2,-2.03,9.25,126.84,96.63,111.73,2070548000.0,27.75,12.06,42.7
2022-11-03,96.81,96.69,-6.25,-3.81,-2.44,7.85,127.63,92.73,110.18,1933864700.0,29.98,11.37,44.09
2022-11-04,94.33,94.79,-6.85,-4.42,-2.44,17.19,128.21,89.8,109.0,2062966000.0,32.12,10.72,42.84
2022-11-07,91.94,93.37,-7.28,-4.99,-2.29,16.63,128.52,87.17,107.85,1985470300.0,34.11,10.27,41.07
2022-11-08,90.58,92.24,-7.58,-5.51,-2.07,15.83,128.7,84.77,106.74,1896766900.0,36.02,9.78,40.21
2022-11-09,89.39,90.21,-8.03,-6.01,-2.02,11.17,128.91,81.89,105.4,1805970700.0,37.98,9.21,41.2
2022-11-10,90.85,92.35,-7.46,-6.3,-1.15,55.69,128.17,81.04,104.6,1979385600.0,37.28,19.44,34.63
2022-11-11,92.81,95.16,-6.59,-6.36,-0.23,64.51,127.89,80.7,104.3,2090976100.0,36.08,21.52,32.6
2022-11-14,94.41,96.27,-6.02,-6.29,0.27,56.71,126.84,80.23,103.53,1991443000.0,34.96,20.52,31.09
2022-11-15,96.2,97.16,-5.47,-6.13,0.66,57.95,125.28,80.05,102.66,2102779300.0,33.14,23.58,28.48
2022-11-16,98.39,97.15,-5.12,-5.92,0.81,50.61,123.75,79.77,101.76,2014820500.0,31.74,22.51,29.59
2022-11-17,98.04,96.38,-4.97,-5.73,0.77,42.25,122.02,79.47,100.74,1932202600.0,30.69,21.55,30.42
2022-11-18,96.71,95.63,-4.85,-5.56,0.71,39.69,119.13,79.84,99.48,1859774400.0,29.97,20.48,31.1
2022-11-21,95.5,94.58,-4.83,-5.41,0.58,33.66,115.6,80.63,98.12,1775444100.0,29.6,19.18,31.83
2022-11-22,94.35,94.12,-4.71,-5.27,0.56,38.78,110.95,82.54,96.75,1837636100.0,29.26,18.48,30.66
2022-11-23,93.76,94.12,-4.48,-5.11,0.63,45.41,106.94,84.4,95.67,1897050800.0,28.6,19.88,29.83
2022-11-25,93.47,93.88,-4.31,-4.95,0.64,41.1,103.64,85.95,94.79,1861962200.0,27.98,19.44,29.17
2022-11-28,93.43,93.91,-4.09,-4.78,0.69,45.91,102.23,86.41,94.32,1936905300.0,26.84,21.76,27.71
2022-11-29,93.42,93.41,-3.99,-4.62,0.64,35.61,100.83,86.81,93.82,1871338000.0,26.21,20.66,29.7
2022-11-30,94.09,94.45,-3.53,-4.4,0.87,63.31,100.8,86.82,93.81,1974143800.0,25.01,22.5,27.2
2022-12-01,94.36,94.8,-3.22,-4.17,0.95,55.74,100.96,86.99,93.98,1905655800.0,23.71,22.8,26.1
2022-12-02,94.51,94.58,-3.05,-3.94,0.9,46.58,100.86,87.57,94.22,1833159400.0,22.77,22.09,27.36
2022-12-05,93.92,93.39,-3.13,-3.78,0.65,31.73,100.86,87.58,94.22,1761623900.0,22.58,20.74,31.13
2022-12-06,93.09,91.68,-3.37,-3.7,0.33,23.46,101.07,87.14,94.1,1686120300.0,22.97,19.53,34.75
2022-12-07,91.47,90.6,-3.51,-3.66,0.15,25.31,101.2,86.86,94.03,1754207200.0,23.41,18.63,33.95
2022-12-08,90.44,90.52,-3.43,-3.61,0.19,41.29,100.68,87.8,94.24,1827513100.0,23.48,19.44,31.99
2022-12-09,89.43,90.04,-3.42,-3.58,0.15,35.04,100.58,87.15,93.86,1760114600.0,23.55,18.76,30.88
2022-12-12,89.34,90.21,-3.27,-3.51,0.25,46.72,99.4,87.3,93.35,1822114400.0,23.78,17.72,30.72
2022-12-13,90.19,90.97,-2.95,-3.4,0.45,58.97,98.63,87.47,93.05,1922326400.0,22.14,26.85,27.27
2022-12-14,90.81,91.17,-2.74,-3.27,0.53,51.96,97.59,87.77,92.68,1852028400.0,20.79,24.96,26.62
2022-12-15,90.43,90.27,-2.8,-3.18,0.38,34.4,97.04,87.45,92.25,1767225500.0,20.15,22.96,29.16
2022-12-16,90.19,89.46,-2.86,-3.11,0.26,31.86,96.9,86.9,91.9,1621081400.0,19.74,21.77,29.11
2022-12-19,89.06,87.95,-3.1,-3.11,0.01,21.83,97.17,85.7,91.44,1537549900.0,19.89,20.31,31.6
2022-12-20,87.6,87.03,-3.24,-3.14,-0.1,24.55,97.39,84.75,91.07,1611898200.0,20.06,19.36,30.49
2022-12-21,86.64,86.94,-3.18,-3.15,-0.04,39.89,97.26,84.25,90.75,1671165400.0,19.99,19.84,29.18
2022-12-22,85.71,85.89,-3.34,-3.19,-0.16,26.97,97.21,83.26,90.24,1589734100.0,20.62,17.99,32.56
2022-12-23,85.18,85.68,-3.31,-3.21,-0.1,39.06,96.97,82.69,89.83,1647167800.0,21.17,17.13,30.62
2022-12-27,84.81,84.8,-3.43,-3.25,-0.17,29.74,96.74,81.83,89.28,1589883800.0,21.67,16.27,29.09
2022-12-28,84.13,83.81,-3.57,-3.32,-0.26,25.54,96.73,80.77,88.75,1531655200.0,22.46,15.62,30.83
2022-12-29,83.62,83.93,-3.46,-3.35,-0.11,44.5,95.49,80.77,88.13,1586651100.0,22.71,17.06,28.95
2022-12-30,83.66,83.95,-3.35,-3.35,-0.0,43.45,94.3,80.82,87.56,1524249900.0,22.95,16.39,27.99
